"mz","rt","birA_pos_1.mzXML","birA_pos_2.mzXML","birA_pos_3.mzXML","TyrS_pos_1.mzXML","TyrS_pos_2.mzXML","TyrS_pos_3.mzXML","SampleID","ID","FOLD","PVALUE","PrimaryIso","SMILES","Adducts","LOGP","formula","mserror","db"
245.095574535449,5.17295,5715915,8424391,5230709.5,100,100,100,2,"55;56;57;58;59;60;61;62;63;64;65;66;67;68;69;70;71;72;73;74;75;76;77;78;79;8693;10888;10889;10890;10891;10892;10893;10894;10895;10896;10897;10898;10899;10900;10901;10902;10903;10904;10905;10906;10907;10908;10909;10910;10911;10912;10913;10914;10915;10916;10917;10918;10919;10920;10921;10922;10923;10924;10925;10926;10927;31557",263.280994689542,0.00516526063068534,245.095942179362,"[H][C@]12CS[C@@H](CCCCC(O)=O)[C@@]1([H])NC(=O)N2;[H][C@]12CS[C@@H](CCCCC(O)=O)[C@@]1([H])NC(=O)N2;[H][C@]12CS[C@@H](CCCCC(O)=O)[C@@]1([H])NC(=O)N2;[H][C@]12CS[C@@H](CCCCC(O)=O)[C@@]1([H])NC(=O)N2;[H][C@]12CS[C@@H](CCCCC(O)=O)[C@@]1([H])NC(=O)N2;[H][C@]12CS[C@@H](CCCCC(O)=O)[C@@]1([H])NC(=O)N2;[H][C@]12CS[C@@H](CCCCC(O)=O)[C@@]1([H])NC(=O)N2;[H][C@]12CS[C@@H](CCCCC(O)=O)[C@@]1([H])NC(=O)N2;[H][C@]12CS[C@@H](CCCCC(O)=O)[C@@]1([H])NC(=O)N2;[H][C@]12CS[C@@H](CCCCC(O)=O)[C@@]1([H])NC(=O)N2;[H][C@]12CS[C@@H](CCCCC(O)=O)[C@@]1([H])NC(=O)N2;[H][C@]12CS[C@@H](CCCCC(O)=O)[C@@]1([H])NC(=O)N2;[H][C@]12CS[C@@H](CCCCC(O)=O)[C@@]1([H])NC(=O)N2;[H][C@]12CS[C@@H](CCCCC(O)=O)[C@@]1([H])NC(=O)N2;[H][C@]12CS[C@@H](CCCCC(O)=O)[C@@]1([H])NC(=O)N2;[H][C@]12CS[C@@H](CCCCC(O)=O)[C@@]1([H])NC(=O)N2;[H][C@]12CS[C@@H](CCCCC(O)=O)[C@@]1([H])NC(=O)N2;[H][C@]12CS[C@@H](CCCCC(O)=O)[C@@]1([H])NC(=O)N2;[H][C@]12CS[C@@H](CCCCC(O)=O)[C@@]1([H])NC(=O)N2;[H][C@]12CS[C@@H](CCCCC(O)=O)[C@@]1([H])NC(=O)N2;[H][C@]12CS[C@@H](CCCCC(O)=O)[C@@]1([H])NC(=O)N2;[H][C@]12CS[C@@H](CCCCC(O)=O)[C@@]1([H])NC(=O)N2;[H][C@]12CS[C@@H](CCCCC(O)=O)[C@@]1([H])NC(=O)N2;[H][C@]12CS[C@@H](CCCCC(O)=O)[C@@]1([H])NC(=O)N2;[H][C@]12CS[C@@H](CCCCC(O)=O)[C@@]1([H])NC(=O)N2;[H][C@]12CS[C@@H](CCCCC(O)=O)[C@@]1([H])NC(=O)N2;[H][C@]12CS[C@@H](CCCCC(O)=O)[C@@]1([H])NC(=O)N2;[H][C@]12CS[C@@H](CCCCC(O)=O)[C@@]1([H])NC(=O)N2;[H][C@]12CS[C@@H](CCCCC(O)=O)[C@@]1([H])NC(=O)N2;[H][C@]12CS[C@@H](CCCCC(O)=O)[C@@]1([H])NC(=O)N2;[H][C@]12CS[C@@H](CCCCC(O)=O)[C@@]1([H])NC(=O)N2;[H][C@]12CS[C@@H](CCCCC(O)=O)[C@@]1([H])NC(=O)N2;[H][C@]12CS[C@@H](CCCCC(O)=O)[C@@]1([H])NC(=O)N2;[H][C@]12CS[C@@H](CCCCC(O)=O)[C@@]1([H])NC(=O)N2;[H][C@]12CS[C@@H](CCCCC(O)=O)[C@@]1([H])NC(=O)N2;[H][C@]12CS[C@@H](CCCCC(O)=O)[C@@]1([H])NC(=O)N2;[H][C@]12CS[C@@H](CCCCC(O)=O)[C@@]1([H])NC(=O)N2;[H][C@]12CS[C@@H](CCCCC(O)=O)[C@@]1([H])NC(=O)N2;[H][C@]12CS[C@@H](CCCCC(O)=O)[C@@]1([H])NC(=O)N2;[H][C@]12CS[C@@H](CCCCC(O)=O)[C@@]1([H])NC(=O)N2;[H][C@]12CS[C@@H](CCCCC(O)=O)[C@@]1([H])NC(=O)N2;[H][C@]12CS[C@@H](CCCCC(O)=O)[C@@]1([H])NC(=O)N2;[H][C@]12CS[C@@H](CCCCC(O)=O)[C@@]1([H])NC(=O)N2;[H][C@]12CS[C@@H](CCCCC(O)=O)[C@@]1([H])NC(=O)N2;[H][C@]12CS[C@@H](CCCCC(O)=O)[C@@]1([H])NC(=O)N2;[H][C@]12CS[C@@H](CCCCC(O)=O)[C@@]1([H])NC(=O)N2;[H][C@]12CS[C@@H](CCCCC(O)=O)[C@@]1([H])NC(=O)N2;[H][C@]12CS[C@@H](CCCCC(O)=O)[C@@]1([H])NC(=O)N2;[H][C@]12CS[C@@H](CCCCC(O)=O)[C@@]1([H])NC(=O)N2;[H][C@]12CS[C@@H](CCCCC(O)=O)[C@@]1([H])NC(=O)N2;[H][C@]12CS[C@@H](CCCCC(O)=O)[C@@]1([H])NC(=O)N2;[H][C@]12CS[C@@H](CCCCC(O)=O)[C@@]1([H])NC(=O)N2;[H][C@]12CS[C@@H](CCCCC(O)=O)[C@@]1([H])NC(=O)N2;[H][C@]12CS[C@@H](CCCCC(O)=O)[C@@]1([H])NC(=O)N2;[H][C@]12CS[C@@H](CCCCC(O)=O)[C@@]1([H])NC(=O)N2;[H][C@]12CS[C@@H](CCCCC(O)=O)[C@@]1([H])NC(=O)N2;[H][C@]12CS[C@@H](CCCCC(O)=O)[C@@]1([H])NC(=O)N2;[H][C@]12CS[C@@H](CCCCC(O)=O)[C@@]1([H])NC(=O)N2;[H][C@]12CS[C@@H](CCCCC(O)=O)[C@@]1([H])NC(=O)N2;[H][C@]12CS[C@@H](CCCCC(O)=O)[C@@]1([H])NC(=O)N2;[H][C@]12CS[C@@H](CCCCC(O)=O)[C@@]1([H])NC(=O)N2;[H][C@]12CS[C@@H](CCCCC(O)=O)[C@@]1([H])NC(=O)N2;[H][C@]12CS[C@@H](CCCCC(O)=O)[C@@]1([H])NC(=O)N2;[H][C@]12CS[C@@H](CCCCC(O)=O)[C@@]1([H])NC(=O)N2;[H][C@]12CS[C@@H](CCCCC(O)=O)[C@@]1([H])NC(=O)N2;[H][C@]12CS[C@@H](CCCCC(O)=O)[C@@]1([H])NC(=O)N2;[H][C@]12CS[C@@H](CCCCC(O)=O)[C@@]1([H])NC(=O)N2","[M+H]+;[M+H]+;[M+H]+;[M+H]+;[M+H]+;[M+H]+;[M+H]+;[M+H]+;[M+H]+;[M+H]+;[M+H]+;[M+H]+;[M+H]+;[M+H]+;[M+H]+;[M+H]+;[M+H]+;[M+H]+;[M+H]+;[M+H]+;[M+H]+;[M+H]+;[M+H]+;[M+H]+;[M+H]+;[M+H]+;[M+H]+;[M+H]+;[M+H]+;[M+H]+;[M+H]+;[M+H]+;[M+H]+;[M+H]+;[M+H]+;[M+H]+;[M+H]+;[M+H]+;[M+H]+;[M+H]+;[M+H]+;[M+H]+;[M+H]+;[M+H]+;[M+H]+;[M+H]+;[M+H]+;[M+H]+;[M+H]+;[M+H]+;[M+H]+;[M+H]+;[M+H]+;[M+H]+;[M+H]+;[M+H]+;[M+H]+;[M+H]+;[M+H]+;[M+H]+;[M+H]+;[M+H]+;[M+H]+;[M+H]+;[M+H]+;[M+H]+;[M+H]+","0;-1.592;-1.592;-1.592;-1.592;-1.592;-1.592;-1.592;-1.592;-1.592;2.427;2.427;2.427;2.427;2.427;2.427;3.789;3.789;3.789;3.789;3.789;-0.835;-0.835;-0.835;-0.835;-0.835;3.789;1.508;1.508;1.508;1.508;1.508;1.508;1.508;1.508;1.44;1.44;1.44;1.44;1.44;1.44;1.44;1.44;1.44;1.44;1.44;1.44;-0.958;-0.958;-0.958;-0.958;-0.958;-0.958;-0.958;-0.958;-0.958;-0.958;-0.958;-0.958;-0.958;-0.958;-0.958;-0.958;-0.958;-0.958;-0.958;-0.958;0.463","C10H16N2O3S;C10H16N2O3S;C10H16N2O3S;C10H16N2O3S;C10H16N2O3S;C10H16N2O3S;C10H16N2O3S;C10H16N2O3S;C10H16N2O3S;C10H16N2O3S;C10H16N2O3S;C10H16N2O3S;C10H16N2O3S;C10H16N2O3S;C10H16N2O3S;C10H16N2O3S;C10H16N2O3S;C10H16N2O3S;C10H16N2O3S;C10H16N2O3S;C10H16N2O3S;C10H16N2O3S;C10H16N2O3S;C10H16N2O3S;C10H16N2O3S;C10H16N2O3S;C10H16N2O3S;C10H16N2O3S;C10H16N2O3S;C10H16N2O3S;C10H16N2O3S;C10H16N2O3S;C10H16N2O3S;C10H16N2O3S;C10H16N2O3S;C10H16N2O3S;C10H16N2O3S;C10H16N2O3S;C10H16N2O3S;C10H16N2O3S;C10H16N2O3S;C10H16N2O3S;C10H16N2O3S;C10H16N2O3S;C10H16N2O3S;C10H16N2O3S;C10H16N2O3S;C10H16N2O3S;C10H16N2O3S;C10H16N2O3S;C10H16N2O3S;C10H16N2O3S;C10H16N2O3S;C10H16N2O3S;C10H16N2O3S;C10H16N2O3S;C10H16N2O3S;C10H16N2O3S;C10H16N2O3S;C10H16N2O3S;C10H16N2O3S;C10H16N2O3S;C10H16N2O3S;C10H16N2O3S;C10H16N2O3S;C10H16N2O3S;C10H16N2O3S","0.515861818099781;0.515861818099781;0.515861818099781;0.515861818099781;0.515861818099781;0.515861818099781;0.515861818099781;0.515861818099781;0.515861818099781;0.515861818099781;0.515861818099781;0.515861818099781;0.515861818099781;0.515861818099781;0.515861818099781;0.515861818099781;0.515861818099781;0.515861818099781;0.515861818099781;0.515861818099781;0.515861818099781;0.515861818099781;0.515861818099781;0.515861818099781;0.515861818099781;0.515861818099781;0.515861818099781;0.515861818099781;0.515861818099781;0.515861818099781;0.515861818099781;0.515861818099781;0.515861818099781;0.515861818099781;0.515861818099781;0.515861818099781;0.515861818099781;0.515861818099781;0.515861818099781;0.515861818099781;0.515861818099781;0.515861818099781;0.515861818099781;0.515861818099781;0.515861818099781;0.515861818099781;0.515861818099781;0.515861818099781;0.515861818099781;0.515861818099781;0.515861818099781;0.515861818099781;0.515861818099781;0.515861818099781;0.515861818099781;0.515861818099781;0.515861818099781;0.515861818099781;0.515861818099781;0.515861818099781;0.515861818099781;0.515861818099781;0.515861818099781;0.515861818099781;0.515861818099781;0.515861818099781;0.515861818099781","HMDB;HMDB;HMDB;HMDB;HMDB;HMDB;HMDB;HMDB;HMDB;HMDB;HMDB;HMDB;HMDB;HMDB;HMDB;HMDB;HMDB;HMDB;HMDB;HMDB;HMDB;HMDB;HMDB;HMDB;HMDB;HMDB;HMDB;HMDB;HMDB;HMDB;HMDB;HMDB;HMDB;HMDB;HMDB;HMDB;HMDB;HMDB;HMDB;HMDB;HMDB;HMDB;HMDB;HMDB;HMDB;HMDB;HMDB;HMDB;HMDB;HMDB;HMDB;HMDB;HMDB;HMDB;HMDB;HMDB;HMDB;HMDB;HMDB;HMDB;HMDB;HMDB;HMDB;HMDB;HMDB;HMDB;STD"
262.047672113449,0.898316666666667,1449.93969726562,1614.43591308594,2675.90258789062,100,100,100,3,"32137",263.280994689542,0.00516526063068534,262.048065185547,"N[C@@H](CC1=CC=C(OP(O)(O)=O)C=C1)C(O)=O","[M+H]+","0;-4.138","C9H12NO6P","0.623983597285305","STD"
262.118360890879,6.11608333333333,5995.39453125,10173.1494140625,6713.04077148438,100,100,100,2,"29081;29082;29083;29084;29085",263.280994689542,0.00516526063068534,262.11875406901,"CC(C)C1(C)NC(=NC1=O)C1=C(C=CC=N1)C(O)=O;CC(C)C1(C)NC(=NC1=O)C1=C(C=CC=N1)C(O)=O;CC(C)C1(C)NC(=NC1=O)C1=C(C=CC=N1)C(O)=O;CC(C)C1(C)NC(=NC1=O)C1=C(C=CC=N1)C(O)=O;CC(C)C1(C)NC(=NC1=O)C1=C(C=CC=N1)C(O)=O","[M+H]+;[M+H]+;[M+H]+;[M+H]+;[M+H]+","0;4.608;4.608;4.608;4.608;4.608","C13H15N3O3;C13H15N3O3;C13H15N3O3;C13H15N3O3;C13H15N3O3","-1.01293598732289;-1.01293598732289;-1.01293598732289;-1.01293598732289;-1.01293598732289","HMDB;HMDB;HMDB;HMDB;HMDB"
273.090644644018,6.13458333333333,5365.1728515625,7314.02783203125,4682.18994140625,1796.66394042969,100,100,2,"26878;26879;27389;27390;27391;27392;27393;27394;27395",263.280994689542,0.00516526063068534,261.107452392578,"O=C1C=C(OC2=C1C=CC1=CC=CC=C21)C1=CC=CC=C1;O=C1C=C(OC2=C1C=CC1=CC=CC=C21)C1=CC=CC=C1;O=C1C=C(OC2=C1C1=CC=CC=C1C=C2)C1=CC=CC=C1;O=C1C=C(OC2=C1C1=CC=CC=C1C=C2)C1=CC=CC=C1;O=C1C=C(OC2=C1C1=CC=CC=C1C=C2)C1=CC=CC=C1;O=C1C=C(OC2=C1C1=CC=CC=C1C=C2)C1=CC=CC=C1;O=C1C=C(OC2=C1C1=CC=CC=C1C=C2)C1=CC=CC=C1;O=C1C=C(OC2=C1C1=CC=CC=C1C=C2)C1=CC=CC=C1;O=C1C=C(OC2=C1C1=CC=CC=C1C=C2)C1=CC=CC=C1","[M+H]+;[M+H]+;[M+H]+;[M+H]+;[M+H]+;[M+H]+;[M+H]+;[M+H]+;[M+H]+","0;1.49;1.49;1.877;1.877;1.877;1.877;1.877;1.877;0.54","C19H12O2;C19H12O2;C19H12O2;C19H12O2;C19H12O2;C19H12O2;C19H12O2;C19H12O2;C19H12O2","-1.35470031568749;-1.35470031568749;-1.35470031568749;-1.35470031568749;-1.35470031568749;-1.35470031568749;-1.35470031568749;-1.35470031568749;-1.35470031568749","HMDB;HMDB;HMDB;HMDB;HMDB;HMDB;HMDB;HMDB;HMDB"
285.075276325246,5.17295,7273.8974609375,15189.0078125,13243.77734375,2292.94677734375,100,2203.09423828125,2,"2851;2852;2853;2854;2855;2856;2857;2858;2859;2860;2861;2862;2863;2864;2865;2866;2867;2868;3518;3519;3520;3521;3522;8804;8805;8806;8807;8808;8809;8810;8811;8812;8896;8897;8898;8899;8900;9349;9350;9351;9352;10365;10366;10367;15088;15089;15090;15091;15092;15093;15094;15095;15096;15097;15098;15099;15100;15101;15102;15103;15104;15105;15106;15107;15108;15109;15110;15111;15112;15113;15114;15115;15116;15117;15118;15119;16535;16536;16537;16538;16539;16540;32097",263.280994689542,0.00516526063068534,285.075703938802,"COC1=CC=C(C=C1)C1=COC2=CC(O)=CC(O)=C2C1=O;COC1=CC=C(C=C1)C1=COC2=CC(O)=CC(O)=C2C1=O;COC1=CC=C(C=C1)C1=COC2=CC(O)=CC(O)=C2C1=O;COC1=CC=C(C=C1)C1=COC2=CC(O)=CC(O)=C2C1=O;COC1=CC=C(C=C1)C1=COC2=CC(O)=CC(O)=C2C1=O;COC1=CC=C(C=C1)C1=COC2=CC(O)=CC(O)=C2C1=O;COC1=CC=C(C=C1)C1=COC2=CC(O)=CC(O)=C2C1=O;COC1=CC=C(C=C1)C1=COC2=CC(O)=CC(O)=C2C1=O;COC1=CC=C(C=C1)C1=COC2=CC(O)=CC(O)=C2C1=O;COC1=CC=C(C=C1)C1=COC2=CC(O)=CC(O)=C2C1=O;COC1=CC=C(C=C1)C1=COC2=CC(O)=CC(O)=C2C1=O;COC1=CC=C(C=C1)C1=COC2=CC(O)=CC(O)=C2C1=O;COC1=CC=C(C=C1)C1=COC2=CC(O)=CC(O)=C2C1=O;COC1=CC=C(C=C1)C1=COC2=CC(O)=CC(O)=C2C1=O;COC1=CC=C(C=C1)C1=COC2=CC(O)=CC(O)=C2C1=O;COC1=CC=C(C=C1)C1=COC2=CC(O)=CC(O)=C2C1=O;COC1=CC=C(C=C1)C1=COC2=CC(O)=CC(O)=C2C1=O;COC1=CC=C(C=C1)C1=COC2=CC(O)=CC(O)=C2C1=O;COC1=C(O)C=C2OC=C(C(=O)C2=C1)C1=CC=C(O)C=C1;COC1=C(O)C=C2OC=C(C(=O)C2=C1)C1=CC=C(O)C=C1;COC1=C(O)C=C2OC=C(C(=O)C2=C1)C1=CC=C(O)C=C1;COC1=C(O)C=C2OC=C(C(=O)C2=C1)C1=CC=C(O)C=C1;COC1=C(O)C=C2OC=C(C(=O)C2=C1)C1=CC=C(O)C=C1;COC1=CC=C(C=C1)C1=COC2=CC(O)=CC(O)=C2C1=O;COC1=CC=C(C=C1)C1=COC2=CC(O)=CC(O)=C2C1=O;COC1=CC=C(C=C1)C1=COC2=CC(O)=CC(O)=C2C1=O;COC1=CC=C(C=C1)C1=COC2=CC(O)=CC(O)=C2C1=O;COC1=CC=C(C=C1)C1=COC2=CC(O)=CC(O)=C2C1=O;COC1=CC=C(C=C1)C1=COC2=CC(O)=CC(O)=C2C1=O;COC1=CC=C(C=C1)C1=COC2=CC(O)=CC(O)=C2C1=O;COC1=CC=C(C=C1)C1=COC2=CC(O)=CC(O)=C2C1=O;COC1=CC=C(C=C1)C1=COC2=CC(O)=CC(O)=C2C1=O;COC1=C(O)C=C2OC=C(C(=O)C2=C1)C1=CC=C(O)C=C1;COC1=C(O)C=C2OC=C(C(=O)C2=C1)C1=CC=C(O)C=C1;COC1=C(O)C=C2OC=C(C(=O)C2=C1)C1=CC=C(O)C=C1;COC1=C(O)C=C2OC=C(C(=O)C2=C1)C1=CC=C(O)C=C1;COC1=C(O)C=C2OC=C(C(=O)C2=C1)C1=CC=C(O)C=C1;COC1=CC2=C(C(O)=C1)C(=O)C(=CO2)C1=CC=C(O)C=C1;COC1=CC2=C(C(O)=C1)C(=O)C(=CO2)C1=CC=C(O)C=C1;COC1=CC2=C(C(O)=C1)C(=O)C(=CO2)C1=CC=C(O)C=C1;COC1=CC2=C(C(O)=C1)C(=O)C(=CO2)C1=CC=C(O)C=C1;COC1=CC(O)=C2C(=O)C=C(OC2=C1)C1=CC=C(O)C=C1;COC1=CC(O)=C2C(=O)C=C(OC2=C1)C1=CC=C(O)C=C1;COC1=CC(O)=C2C(=O)C=C(OC2=C1)C1=CC=C(O)C=C1;COC1=CC=C(C=C1)C1=COC2=CC(O)=CC(O)=C2C1=O;COC1=CC=C(C=C1)C1=COC2=CC(O)=CC(O)=C2C1=O;COC1=CC=C(C=C1)C1=COC2=CC(O)=CC(O)=C2C1=O;COC1=CC=C(C=C1)C1=COC2=CC(O)=CC(O)=C2C1=O;COC1=CC=C(C=C1)C1=COC2=CC(O)=CC(O)=C2C1=O;COC1=CC=C(C=C1)C1=COC2=CC(O)=CC(O)=C2C1=O;COC1=CC=C(C=C1)C1=COC2=CC(O)=CC(O)=C2C1=O;COC1=CC=C(C=C1)C1=COC2=CC(O)=CC(O)=C2C1=O;COC1=CC=C(C=C1)C1=COC2=CC(O)=CC(O)=C2C1=O;COC1=CC=C(C=C1)C1=COC2=CC(O)=CC(O)=C2C1=O;COC1=CC=C(C=C1)C1=COC2=CC(O)=CC(O)=C2C1=O;COC1=CC=C(C=C1)C1=COC2=CC(O)=CC(O)=C2C1=O;COC1=CC=C(C=C1)C1=COC2=CC(O)=CC(O)=C2C1=O;COC1=CC=C(C=C1)C1=COC2=CC(O)=CC(O)=C2C1=O;COC1=CC=C(C=C1)C1=COC2=CC(O)=CC(O)=C2C1=O;COC1=CC=C(C=C1)C1=COC2=CC(O)=CC(O)=C2C1=O;COC1=CC=C(C=C1)C1=COC2=CC(O)=CC(O)=C2C1=O;COC1=CC=C(C=C1)C1=COC2=CC(O)=CC(O)=C2C1=O;COC1=CC=C(C=C1)C1=COC2=CC(O)=CC(O)=C2C1=O;COC1=CC=C(C=C1)C1=COC2=CC(O)=CC(O)=C2C1=O;COC1=CC=C(C=C1)C1=COC2=CC(O)=CC(O)=C2C1=O;COC1=CC=C(C=C1)C1=COC2=CC(O)=CC(O)=C2C1=O;COC1=CC=C(C=C1)C1=COC2=CC(O)=CC(O)=C2C1=O;COC1=CC=C(C=C1)C1=COC2=CC(O)=CC(O)=C2C1=O;COC1=CC=C(C=C1)C1=COC2=CC(O)=CC(O)=C2C1=O;COC1=CC=C(C=C1)C1=COC2=CC(O)=CC(O)=C2C1=O;COC1=CC=C(C=C1)C1=COC2=CC(O)=CC(O)=C2C1=O;COC1=CC=C(C=C1)C1=COC2=CC(O)=CC(O)=C2C1=O;COC1=CC=C(C=C1)C1=COC2=CC(O)=CC(O)=C2C1=O;COC1=CC=C(C=C1)C1=COC2=CC(O)=CC(O)=C2C1=O;COC1=CC=C(C=C1)C1=COC2=CC(O)=CC(O)=C2C1=O;COC1=CC=C(C=C1)C1=COC2=CC(O)=CC(O)=C2C1=O;COC1=C(O)C=C2OC=C(C(=O)C2=C1)C1=CC=C(O)C=C1;COC1=C(O)C=C2OC=C(C(=O)C2=C1)C1=CC=C(O)C=C1;COC1=C(O)C=C2OC=C(C(=O)C2=C1)C1=CC=C(O)C=C1;COC1=C(O)C=C2OC=C(C(=O)C2=C1)C1=CC=C(O)C=C1;COC1=C(O)C=C2OC=C(C(=O)C2=C1)C1=CC=C(O)C=C1;COC1=C(O)C=C2OC=C(C(=O)C2=C1)C1=CC=C(O)C=C1;COC1=CC=C(C=C1)C1=COC2=CC(O)=CC(O)=C2C1=O","[M+H]+;[M+H]+;[M+H]+;[M+H]+;[M+H]+;[M+H]+;[M+H]+;[M+H]+;[M+H]+;[M+H]+;[M+H]+;[M+H]+;[M+H]+;[M+H]+;[M+H]+;[M+H]+;[M+H]+;[M+H]+;[M+H]+;[M+H]+;[M+H]+;[M+H]+;[M+H]+;[M+H]+;[M+H]+;[M+H]+;[M+H]+;[M+H]+;[M+H]+;[M+H]+;[M+H]+;[M+H]+;[M+H]+;[M+H]+;[M+H]+;[M+H]+;[M+H]+;[M+H]+;[M+H]+;[M+H]+;[M+H]+;[M+H]+;[M+H]+;[M+H]+;[M+H]+;[M+H]+;[M+H]+;[M+H]+;[M+H]+;[M+H]+;[M+H]+;[M+H]+;[M+H]+;[M+H]+;[M+H]+;[M+H]+;[M+H]+;[M+H]+;[M+H]+;[M+H]+;[M+H]+;[M+H]+;[M+H]+;[M+H]+;[M+H]+;[M+H]+;[M+H]+;[M+H]+;[M+H]+;[M+H]+;[M+H]+;[M+H]+;[M+H]+;[M+H]+;[M+H]+;[M+H]+;[M+H]+;[M+H]+;[M+H]+;[M+H]+;[M+H]+;[M+H]+;[M+H]+","0;0.033;0.658;1.887;1.887;1.887;-3.224;8.192;8.192;-2.575;-2.575;-2.575;-2.575;-2.575;-2.575;-2.575;-2.575;-2.575;-2.596;0.156;0.156;-0.0820000000000001;-0.0820000000000001;-0.478;-2.575;-2.575;-2.575;-2.575;-2.575;-2.575;-2.575;-2.575;-2.596;-0.0820000000000001;-0.0820000000000001;-0.478;-0.478;-0.478;1.282;1.282;1.282;1.282;1.566;1.566;1.566;1.408;1.408;1.408;1.408;1.408;2.59;2.59;2.59;2.59;6.109;6.109;6.109;6.109;6.109;6.109;6.109;6.109;6.109;6.109;6.109;6.109;6.109;6.109;6.109;6.109;6.109;6.109;6.109;6.109;6.109;6.109;6.109;0.08;0.08;0.08;0.08;0.08;0.08;1.364","C16H12O5;C16H12O5;C16H12O5;C16H12O5;C16H12O5;C16H12O5;C16H12O5;C16H12O5;C16H12O5;C16H12O5;C16H12O5;C16H12O5;C16H12O5;C16H12O5;C16H12O5;C16H12O5;C16H12O5;C16H12O5;C16H12O5;C16H12O5;C16H12O5;C16H12O5;C16H12O5;C16H12O5;C16H12O5;C16H12O5;C16H12O5;C16H12O5;C16H12O5;C16H12O5;C16H12O5;C16H12O5;C16H12O5;C16H12O5;C16H12O5;C16H12O5;C16H12O5;C16H12O5;C16H12O5;C16H12O5;C16H12O5;C16H12O5;C16H12O5;C16H12O5;C16H12O5;C16H12O5;C16H12O5;C16H12O5;C16H12O5;C16H12O5;C16H12O5;C16H12O5;C16H12O5;C16H12O5;C16H12O5;C16H12O5;C16H12O5;C16H12O5;C16H12O5;C16H12O5;C16H12O5;C16H12O5;C16H12O5;C16H12O5;C16H12O5;C16H12O5;C16H12O5;C16H12O5;C16H12O5;C16H12O5;C16H12O5;C16H12O5;C16H12O5;C16H12O5;C16H12O5;C16H12O5;C16H12O5;C16H12O5;C16H12O5;C16H12O5;C16H12O5;C16H12O5;C16H12O5","-1.69139449444585;-1.69139449444585;-1.69139449444585;-1.69139449444585;-1.69139449444585;-1.69139449444585;-1.69139449444585;-1.69139449444585;-1.69139449444585;-1.69139449444585;-1.69139449444585;-1.69139449444585;-1.69139449444585;-1.69139449444585;-1.69139449444585;-1.69139449444585;-1.69139449444585;-1.69139449444585;-1.69139449444585;-1.69139449444585;-1.69139449444585;-1.69139449444585;-1.69139449444585;-1.69139449444585;-1.69139449444585;-1.69139449444585;-1.69139449444585;-1.69139449444585;-1.69139449444585;-1.69139449444585;-1.69139449444585;-1.69139449444585;-1.69139449444585;-1.69139449444585;-1.69139449444585;-1.69139449444585;-1.69139449444585;-1.69139449444585;-1.69139449444585;-1.69139449444585;-1.69139449444585;-1.69139449444585;-1.69139449444585;-1.69139449444585;-1.69139449444585;-1.69139449444585;-1.69139449444585;-1.69139449444585;-1.69139449444585;-1.69139449444585;-1.69139449444585;-1.69139449444585;-1.69139449444585;-1.69139449444585;-1.69139449444585;-1.69139449444585;-1.69139449444585;-1.69139449444585;-1.69139449444585;-1.69139449444585;-1.69139449444585;-1.69139449444585;-1.69139449444585;-1.69139449444585;-1.69139449444585;-1.69139449444585;-1.69139449444585;-1.69139449444585;-1.69139449444585;-1.69139449444585;-1.69139449444585;-1.69139449444585;-1.69139449444585;-1.69139449444585;-1.69139449444585;-1.69139449444585;-1.69139449444585;-1.69139449444585;-1.69139449444585;-1.69139449444585;-1.69139449444585;-1.69139449444585;-1.69139449783561","HMDB;HMDB;HMDB;HMDB;HMDB;HMDB;HMDB;HMDB;HMDB;HMDB;HMDB;HMDB;HMDB;HMDB;HMDB;HMDB;HMDB;HMDB;HMDB;HMDB;HMDB;HMDB;HMDB;HMDB;HMDB;HMDB;HMDB;HMDB;HMDB;HMDB;HMDB;HMDB;HMDB;HMDB;HMDB;HMDB;HMDB;HMDB;HMDB;HMDB;HMDB;HMDB;HMDB;HMDB;HMDB;HMDB;HMDB;HMDB;HMDB;HMDB;HMDB;HMDB;HMDB;HMDB;HMDB;HMDB;HMDB;HMDB;HMDB;HMDB;HMDB;HMDB;HMDB;HMDB;HMDB;HMDB;HMDB;HMDB;HMDB;HMDB;HMDB;HMDB;HMDB;HMDB;HMDB;HMDB;HMDB;HMDB;HMDB;HMDB;HMDB;HMDB;STD"
289.121880769653,6.11463333333333,56532.640625,77406.703125,89400.078125,100,100,100,3,"25740;25741;25742;25743;25744;25745;25746;25747;25748;25749;25750;25751;25752;25753;25754;25755;25756;25757;25758;25759;25760;25761;25762;25763",263.280994689542,0.00516526063068534,289.122314453125,"CCCCC(CN1C=NC=N1)(C#N)C1=CC=C(Cl)C=C1;CCCCC(CN1C=NC=N1)(C#N)C1=CC=C(Cl)C=C1;CCCCC(CN1C=NC=N1)(C#N)C1=CC=C(Cl)C=C1;CCCCC(CN1C=NC=N1)(C#N)C1=CC=C(Cl)C=C1;CCCCC(CN1C=NC=N1)(C#N)C1=CC=C(Cl)C=C1;CCCCC(CN1C=NC=N1)(C#N)C1=CC=C(Cl)C=C1;CCCCC(CN1C=NC=N1)(C#N)C1=CC=C(Cl)C=C1;CCCCC(CN1C=NC=N1)(C#N)C1=CC=C(Cl)C=C1;CCCCC(CN1C=NC=N1)(C#N)C1=CC=C(Cl)C=C1;CCCCC(CN1C=NC=N1)(C#N)C1=CC=C(Cl)C=C1;CCCCC(CN1C=NC=N1)(C#N)C1=CC=C(Cl)C=C1;CCCCC(CN1C=NC=N1)(C#N)C1=CC=C(Cl)C=C1;CCCCC(CN1C=NC=N1)(C#N)C1=CC=C(Cl)C=C1;CCCCC(CN1C=NC=N1)(C#N)C1=CC=C(Cl)C=C1;CCCCC(CN1C=NC=N1)(C#N)C1=CC=C(Cl)C=C1;CCCCC(CN1C=NC=N1)(C#N)C1=CC=C(Cl)C=C1;CCCCC(CN1C=NC=N1)(C#N)C1=CC=C(Cl)C=C1;CCCCC(CN1C=NC=N1)(C#N)C1=CC=C(Cl)C=C1;CCCCC(CN1C=NC=N1)(C#N)C1=CC=C(Cl)C=C1;CCCCC(CN1C=NC=N1)(C#N)C1=CC=C(Cl)C=C1;CCCCC(CN1C=NC=N1)(C#N)C1=CC=C(Cl)C=C1;CCCCC(CN1C=NC=N1)(C#N)C1=CC=C(Cl)C=C1;CCCCC(CN1C=NC=N1)(C#N)C1=CC=C(Cl)C=C1;CCCCC(CN1C=NC=N1)(C#N)C1=CC=C(Cl)C=C1","[M+H]+;[M+H]+;[M+H]+;[M+H]+;[M+H]+;[M+H]+;[M+H]+;[M+H]+;[M+H]+;[M+H]+;[M+H]+;[M+H]+;[M+H]+;[M+H]+;[M+H]+;[M+H]+;[M+H]+;[M+H]+;[M+H]+;[M+H]+;[M+H]+;[M+H]+;[M+H]+;[M+H]+","0;5.95;5.95;-0.117;-0.117;-0.117;1.708;1.708;1.708;1.708;1.708;1.708;1.708;1.708;1.708;1.708;1.708;1.708;1.708;1.708;1.708;1.708;1.708;1.708;1.708","C15H17ClN4;C15H17ClN4;C15H17ClN4;C15H17ClN4;C15H17ClN4;C15H17ClN4;C15H17ClN4;C15H17ClN4;C15H17ClN4;C15H17ClN4;C15H17ClN4;C15H17ClN4;C15H17ClN4;C15H17ClN4;C15H17ClN4;C15H17ClN4;C15H17ClN4;C15H17ClN4;C15H17ClN4;C15H17ClN4;C15H17ClN4;C15H17ClN4;C15H17ClN4;C15H17ClN4","1.45775771867036;1.45775771867036;1.45775771867036;1.45775771867036;1.45775771867036;1.45775771867036;1.45775771867036;1.45775771867036;1.45775771867036;1.45775771867036;1.45775771867036;1.45775771867036;1.45775771867036;1.45775771867036;1.45775771867036;1.45775771867036;1.45775771867036;1.45775771867036;1.45775771867036;1.45775771867036;1.45775771867036;1.45775771867036;1.45775771867036;1.45775771867036","HMDB;HMDB;HMDB;HMDB;HMDB;HMDB;HMDB;HMDB;HMDB;HMDB;HMDB;HMDB;HMDB;HMDB;HMDB;HMDB;HMDB;HMDB;HMDB;HMDB;HMDB;HMDB;HMDB;HMDB"
291.100973259995,6.11608333333333,6024.93701171875,7989.5888671875,4478.259765625,2544.86865234375,100,100,2,"22965",263.280994689542,0.00516526063068534,291.101409912109,"NC(CCC(=O)NC(CSCC=C)C(O)=O)C(O)=O","[M+H]+","0;0.124000000000001","C11H18N2O5S","0.157539818562644","HMDB"
299.091175304621,5.17295,13284.4736328125,18208.29296875,17643.134765625,5363.72900390625,2210.00219726562,4851.74853515625,2,"25393",263.280994689542,0.00516526063068534,299.091623942057,"COC1=CC=C(C=C1)C1=CC(=O)C2=C(O)C=C(OC)C=C2O1","[M+H]+","0;0.444","C17H14O5","-0.780014249363224","HMDB"
377.145827102676,5.52443333333333,91155.7265625,123187.7421875,79776.6640625,4161.3837890625,3992.32104492188,4361.0927734375,2,"791;792;793;794;795;796;797;798;799;800;801;7271;8711;8712;11934;11935;11936;11937;11938;11939;11940;11941;11942;11943;11944;11945;11946;11947;11948;11949;11950;11951;11952;11953;11954;11955;11956;11957;26920;26921;26922;31768",263.280994689542,0.00516526063068534,377.146392822266,"CC1=C(C)C=C2N(C[C@H](O)[C@H](O)[C@H](O)CO)C3=NC(=O)NC(=O)C3=NC2=C1;CC1=C(C)C=C2N(C[C@H](O)[C@H](O)[C@H](O)CO)C3=NC(=O)NC(=O)C3=NC2=C1;CC1=C(C)C=C2N(C[C@H](O)[C@H](O)[C@H](O)CO)C3=NC(=O)NC(=O)C3=NC2=C1;CC1=C(C)C=C2N(C[C@H](O)[C@H](O)[C@H](O)CO)C3=NC(=O)NC(=O)C3=NC2=C1;CC1=C(C)C=C2N(C[C@H](O)[C@H](O)[C@H](O)CO)C3=NC(=O)NC(=O)C3=NC2=C1;CC1=C(C)C=C2N(C[C@H](O)[C@H](O)[C@H](O)CO)C3=NC(=O)NC(=O)C3=NC2=C1;CC1=C(C)C=C2N(C[C@H](O)[C@H](O)[C@H](O)CO)C3=NC(=O)NC(=O)C3=NC2=C1;CC1=C(C)C=C2N(C[C@H](O)[C@H](O)[C@H](O)CO)C3=NC(=O)NC(=O)C3=NC2=C1;CC1=C(C)C=C2N(C[C@H](O)[C@H](O)[C@H](O)CO)C3=NC(=O)NC(=O)C3=NC2=C1;CC1=C(C)C=C2N(C[C@H](O)[C@H](O)[C@H](O)CO)C3=NC(=O)NC(=O)C3=NC2=C1;CC1=C(C)C=C2N(C[C@H](O)[C@H](O)[C@H](O)CO)C3=NC(=O)NC(=O)C3=NC2=C1;CC1=C(C)C=C2N(CC(O)C(O)C(O)CO)C3=NC(=O)NC(=O)C3=NC2=C1;CC1=C(C)C=C2N(C[C@H](O)[C@H](O)[C@H](O)CO)C3=NC(=O)NC(=O)C3=NC2=C1;CC1=C(C)C=C2N(C[C@H](O)[C@H](O)[C@H](O)CO)C3=NC(=O)NC(=O)C3=NC2=C1;CC1=C(C)C=C2N(C[C@H](O)[C@H](O)[C@H](O)CO)C3=NC(=O)NC(=O)C3=NC2=C1;CC1=C(C)C=C2N(C[C@H](O)[C@H](O)[C@H](O)CO)C3=NC(=O)NC(=O)C3=NC2=C1;CC1=C(C)C=C2N(C[C@H](O)[C@H](O)[C@H](O)CO)C3=NC(=O)NC(=O)C3=NC2=C1;CC1=C(C)C=C2N(C[C@H](O)[C@H](O)[C@H](O)CO)C3=NC(=O)NC(=O)C3=NC2=C1;CC1=C(C)C=C2N(C[C@H](O)[C@H](O)[C@H](O)CO)C3=NC(=O)NC(=O)C3=NC2=C1;CC1=C(C)C=C2N(C[C@H](O)[C@H](O)[C@H](O)CO)C3=NC(=O)NC(=O)C3=NC2=C1;CC1=C(C)C=C2N(C[C@H](O)[C@H](O)[C@H](O)CO)C3=NC(=O)NC(=O)C3=NC2=C1;CC1=C(C)C=C2N(C[C@H](O)[C@H](O)[C@H](O)CO)C3=NC(=O)NC(=O)C3=NC2=C1;CC1=C(C)C=C2N(C[C@H](O)[C@H](O)[C@H](O)CO)C3=NC(=O)NC(=O)C3=NC2=C1;CC1=C(C)C=C2N(C[C@H](O)[C@H](O)[C@H](O)CO)C3=NC(=O)NC(=O)C3=NC2=C1;CC1=C(C)C=C2N(C[C@H](O)[C@H](O)[C@H](O)CO)C3=NC(=O)NC(=O)C3=NC2=C1;CC1=C(C)C=C2N(C[C@H](O)[C@H](O)[C@H](O)CO)C3=NC(=O)NC(=O)C3=NC2=C1;CC1=C(C)C=C2N(C[C@H](O)[C@H](O)[C@H](O)CO)C3=NC(=O)NC(=O)C3=NC2=C1;CC1=C(C)C=C2N(C[C@H](O)[C@H](O)[C@H](O)CO)C3=NC(=O)NC(=O)C3=NC2=C1;CC1=C(C)C=C2N(C[C@H](O)[C@H](O)[C@H](O)CO)C3=NC(=O)NC(=O)C3=NC2=C1;CC1=C(C)C=C2N(C[C@H](O)[C@H](O)[C@H](O)CO)C3=NC(=O)NC(=O)C3=NC2=C1;CC1=C(C)C=C2N(C[C@H](O)[C@H](O)[C@H](O)CO)C3=NC(=O)NC(=O)C3=NC2=C1;CC1=C(C)C=C2N(C[C@H](O)[C@H](O)[C@H](O)CO)C3=NC(=O)NC(=O)C3=NC2=C1;CC1=C(C)C=C2N(C[C@H](O)[C@H](O)[C@H](O)CO)C3=NC(=O)NC(=O)C3=NC2=C1;CC1=C(C)C=C2N(C[C@H](O)[C@H](O)[C@H](O)CO)C3=NC(=O)NC(=O)C3=NC2=C1;CC1=C(C)C=C2N(C[C@H](O)[C@H](O)[C@H](O)CO)C3=NC(=O)NC(=O)C3=NC2=C1;CC1=C(C)C=C2N(C[C@H](O)[C@H](O)[C@H](O)CO)C3=NC(=O)NC(=O)C3=NC2=C1;CC1=C(C)C=C2N(C[C@H](O)[C@H](O)[C@H](O)CO)C3=NC(=O)NC(=O)C3=NC2=C1;CC1=C(C)C=C2N(C[C@H](O)[C@H](O)[C@H](O)CO)C3=NC(=O)NC(=O)C3=NC2=C1;CC1=C(C)C=C2N(CC(O)C(O)C(O)CO)C3=NC(=O)NC(=O)C3=NC2=C1;CC1=C(C)C=C2N(CC(O)C(O)C(O)CO)C3=NC(=O)NC(=O)C3=NC2=C1;CC1=C(C)C=C2N(CC(O)C(O)C(O)CO)C3=NC(=O)NC(=O)C3=NC2=C1;CC1=C(C)C=C2N(C[C@H](O)[C@H](O)[C@H](O)CO)C3=NC(=O)NC(=O)C3=NC2=C1","[M+H]+;[M+H]+;[M+H]+;[M+H]+;[M+H]+;[M+H]+;[M+H]+;[M+H]+;[M+H]+;[M+H]+;[M+H]+;[M+H]+;[M+H]+;[M+H]+;[M+H]+;[M+H]+;[M+H]+;[M+H]+;[M+H]+;[M+H]+;[M+H]+;[M+H]+;[M+H]+;[M+H]+;[M+H]+;[M+H]+;[M+H]+;[M+H]+;[M+H]+;[M+H]+;[M+H]+;[M+H]+;[M+H]+;[M+H]+;[M+H]+;[M+H]+;[M+H]+;[M+H]+;[M+H]+;[M+H]+;[M+H]+;[M+H]+","0;0.089;0.089;0.089;0.089;0.089;0.089;0.089;-3.972;-3.972;-3.972;-3.972;-3.496;0.089;0.089;-1.069;-1.069;-1.069;-1.069;-1.069;1.138;1.138;1.138;1.138;1.138;1.138;1.138;1.138;1.138;1.138;-1.899;-1.899;-0.241;-0.241;-0.241;-0.241;-0.241;-0.241;-0.241;-3.301;-3.301;-3.301;-2.049","C17H20N4O6;C17H20N4O6;C17H20N4O6;C17H20N4O6;C17H20N4O6;C17H20N4O6;C17H20N4O6;C17H20N4O6;C17H20N4O6;C17H20N4O6;C17H20N4O6;C17H20N4O6;C17H20N4O6;C17H20N4O6;C17H20N4O6;C17H20N4O6;C17H20N4O6;C17H20N4O6;C17H20N4O6;C17H20N4O6;C17H20N4O6;C17H20N4O6;C17H20N4O6;C17H20N4O6;C17H20N4O6;C17H20N4O6;C17H20N4O6;C17H20N4O6;C17H20N4O6;C17H20N4O6;C17H20N4O6;C17H20N4O6;C17H20N4O6;C17H20N4O6;C17H20N4O6;C17H20N4O6;C17H20N4O6;C17H20N4O6;C17H20N4O6;C17H20N4O6;C17H20N4O6;C17H20N4O6","0.683297172739014;0.683297172739014;0.683297172739014;0.683297172739014;0.683297172739014;0.683297172739014;0.683297172739014;0.683297172739014;0.683297172739014;0.683297172739014;0.683297172739014;0.683297172739014;0.683297172739014;0.683297172739014;0.683297172739014;0.683297172739014;0.683297172739014;0.683297172739014;0.683297172739014;0.683297172739014;0.683297172739014;0.683297172739014;0.683297172739014;0.683297172739014;0.683297172739014;0.683297172739014;0.683297172739014;0.683297172739014;0.683297172739014;0.683297172739014;0.683297172739014;0.683297172739014;0.683297172739014;0.683297172739014;0.683297172739014;0.683297172739014;0.683297172739014;0.683297172739014;0.683297172739014;0.683297172739014;0.683297172739014;0.683297170176774","HMDB;HMDB;HMDB;HMDB;HMDB;HMDB;HMDB;HMDB;HMDB;HMDB;HMDB;HMDB;HMDB;HMDB;HMDB;HMDB;HMDB;HMDB;HMDB;HMDB;HMDB;HMDB;HMDB;HMDB;HMDB;HMDB;HMDB;HMDB;HMDB;HMDB;HMDB;HMDB;HMDB;HMDB;HMDB;HMDB;HMDB;HMDB;HMDB;HMDB;HMDB;STD"
385.237622012492,4.24808333333333,5237.87548828125,4953.46826171875,2915.01733398438,100,100,100,1,"27504;27505",263.280994689542,0.00516526063068534,385.238199869792,"CC12CCC3C(CCC4CC(O)CCC34C)C11OC1CC2C1=COC(=O)C=C1;CC12CCC3C(CCC4CC(O)CCC34C)C11OC1CC2C1=COC(=O)C=C1","[M+H]+;[M+H]+","0;1.877;1.877","C24H32O4;C24H32O4","0.720367059251015;0.720367059251015","HMDB;HMDB"
400.151631623866,4.30356666666667,3159.82299804688,4823.4052734375,2418.08569335938,100,100,100,2,"31607",263.280994689542,0.00516526063068534,400.152231852214,"C[S+](CC[C@H](N)C(O)=O)C[C@H]1O[C@H]([C@H](O)[C@@H]1O)N1C=NC2=C(N)N=CN=C12","[M+H]+","0;-3.942","C15H23N6O5S","-1.791761116426","STD"
454.292775591064,9.81786666666667,625706,710160.6875,582496.6875,70964.359375,99260.0859375,104048.484375,2,"8279;8280;16929;16930;16931;30103",263.280994689542,0.00516526063068534,454.29345703125,"CCCCCCCCCCCCCCCC(=O)OCC(O)COP(O)(=O)OCCN;CCCCCCCCCCCCCCCC(=O)OCC(O)COP(O)(=O)OCCN;[H][C@@](O)(COC(=O)CCCCCCCCCCCCCCC)COP(O)(=O)OCCN;[H][C@@](O)(COC(=O)CCCCCCCCCCCCCCC)COP(O)(=O)OCCN;[H][C@@](O)(COC(=O)CCCCCCCCCCCCCCC)COP(O)(=O)OCCN;CCCCCCCCCCCCCCCC(=O)OCC(O)COP(O)(=O)OCCN","[M+H]+;[M+H]+;[M+H]+;[M+H]+;[M+H]+;[M+H]+","0;-0.508;-0.508;1.034;1.034;1.189;3.096","C21H44NO7P;C21H44NO7P;C21H44NO7P;C21H44NO7P;C21H44NO7P;C21H44NO7P","-0.107219258512965;-0.107219258512965;-0.107219258512965;-0.107219258512965;-0.107219258512965;-0.107219258512965","HMDB;HMDB;HMDB;HMDB;HMDB;HMDB"
568.319948300049,6.04235,29671.88671875,36934.23046875,35760.01953125,3293.01928710938,5296.77783203125,5731.0302734375,2,"4045;17548",263.280994689542,0.00516526063068534,568.32080078125,"[H][C@@]12CCCC[C@]1([H])CN(C[C@@H](O)[C@H](CSC1=CC=CC=C1)NC(=O)C1=C(C)C(O)=CC=C1)[C@@H](C2)C(=O)NC(C)(C)C;[H][C@@]12CCCC[C@]1([H])CN(C[C@@H](O)[C@H](CSC1=CC=CC=C1)NC(=O)C1=C(C)C(O)=CC=C1)[C@@H](C2)C(=O)NC(C)(C)C","[M+H]+;[M+H]+","0;-2.023;-2.023","C32H45N3O4S;C32H45N3O4S","-0.728990689895214;-0.728990689895214","HMDB;HMDB"
165.054750179548,0.898268333333333,6850.16162109375,11576.6513671875,9276.8310546875,1025869.125,1180560,1569430.125,6,"648;2347;2348;2349;2350;2351;2352;2353;2354;2724;2725;2726;2727;2728;2929;14045;14046;14047;14048;14049;14050;14051;14052;14053;14054;14055;14056;14057;14058;14864;14865;14866;14867;14868;14869;14870;14871;14872;14873;14874;14875;14876;14877;14878;14879;14880;14881;14882;14883;14884;14885;14886;14887;14888;14889;32347;32348;32356",263.280994689542,0.00516526063068534,165.054997762044,"OC(=O)C(=O)CC1=CC=CC=C1;OC(=O)\C=C\C1=CC(O)=CC=C1;OC(=O)\C=C\C1=CC(O)=CC=C1;OC(=O)\C=C\C1=CC(O)=CC=C1;OC(=O)\C=C\C1=CC(O)=CC=C1;OC(=O)\C=C\C1=CC(O)=CC=C1;OC(=O)\C=C\C1=CC(O)=CC=C1;OC(=O)\C=C\C1=CC(O)=CC=C1;OC(=O)\C=C\C1=CC(O)=CC=C1;OC(=O)\C=C\C1=CC=C(O)C=C1;OC(=O)\C=C\C1=CC=C(O)C=C1;OC(=O)\C=C\C1=CC=C(O)C=C1;OC(=O)\C=C\C1=CC=C(O)C=C1;OC(=O)\C=C\C1=CC=C(O)C=C1;OC(=O)\C=C\C1=C(O)C=CC=C1;OC(=O)\C=C\C1=CC(O)=CC=C1;OC(=O)\C=C\C1=CC(O)=CC=C1;OC(=O)\C=C\C1=CC(O)=CC=C1;OC(=O)\C=C\C1=CC(O)=CC=C1;OC(=O)\C=C\C1=CC(O)=CC=C1;OC(=O)\C=C\C1=CC(O)=CC=C1;OC(=O)\C=C\C1=CC(O)=CC=C1;OC(=O)\C=C\C1=CC(O)=CC=C1;OC(=O)\C=C\C1=CC(O)=CC=C1;OC(=O)\C=C\C1=CC(O)=CC=C1;OC(=O)\C=C\C1=CC(O)=CC=C1;OC(=O)\C=C\C1=CC(O)=CC=C1;OC(=O)\C=C\C1=CC(O)=CC=C1;OC(=O)\C=C\C1=CC(O)=CC=C1;OC(=O)\C=C\C1=CC=C(O)C=C1;OC(=O)\C=C\C1=CC=C(O)C=C1;OC(=O)\C=C\C1=CC=C(O)C=C1;OC(=O)\C=C\C1=CC=C(O)C=C1;OC(=O)\C=C\C1=CC=C(O)C=C1;OC(=O)\C=C\C1=CC=C(O)C=C1;OC(=O)\C=C\C1=CC=C(O)C=C1;OC(=O)\C=C\C1=CC=C(O)C=C1;OC(=O)\C=C\C1=CC=C(O)C=C1;OC(=O)\C=C\C1=CC=C(O)C=C1;OC(=O)\C=C\C1=CC=C(O)C=C1;OC(=O)\C=C\C1=CC=C(O)C=C1;OC(=O)\C=C\C1=CC=C(O)C=C1;OC(=O)\C=C\C1=CC=C(O)C=C1;OC(=O)\C=C\C1=CC=C(O)C=C1;OC(=O)\C=C\C1=CC=C(O)C=C1;OC(=O)\C=C\C1=CC=C(O)C=C1;OC(=O)\C=C\C1=CC=C(O)C=C1;OC(=O)\C=C\C1=CC=C(O)C=C1;OC(=O)\C=C\C1=CC=C(O)C=C1;OC(=O)\C=C\C1=CC=C(O)C=C1;OC(=O)\C=C\C1=CC=C(O)C=C1;OC(=O)\C=C\C1=CC=C(O)C=C1;OC(=O)\C=C\C1=CC=C(O)C=C1;OC(=O)\C=C\C1=CC=C(O)C=C1;OC(=O)\C=C\C1=CC=C(O)C=C1;OC(=O)\C=C\C1=CC=C(O)C=C1;OC(=O)\C=C\C1=CC=CC(O)=C1;OC(=O)C(=O)CC1=CC=CC=C1","[M+H]+;[M+H]+;[M+H]+;[M+H]+;[M+H]+;[M+H]+;[M+H]+;[M+H]+;[M+H]+;[M+H]+;[M+H]+;[M+H]+;[M+H]+;[M+H]+;[M+H]+;[M+H]+;[M+H]+;[M+H]+;[M+H]+;[M+H]+;[M+H]+;[M+H]+;[M+H]+;[M+H]+;[M+H]+;[M+H]+;[M+H]+;[M+H]+;[M+H]+;[M+H]+;[M+H]+;[M+H]+;[M+H]+;[M+H]+;[M+H]+;[M+H]+;[M+H]+;[M+H]+;[M+H]+;[M+H]+;[M+H]+;[M+H]+;[M+H]+;[M+H]+;[M+H]+;[M+H]+;[M+H]+;[M+H]+;[M+H]+;[M+H]+;[M+H]+;[M+H]+;[M+H]+;[M+H]+;[M+H]+;[M+H]+;[M+H]+;[M+H]+","0;-2.193;0.173;0.173;0.173;0.173;0.173;0.173;0.173;0.173;-2.991;-2.991;-2.991;-2.991;-2.991;-3.739;-0.246;-0.246;-0.246;0.739;4.544;4.544;4.544;4.544;4.544;4.544;4.544;4.544;4.544;4.544;0.608;0.608;2.551;2.551;2.551;2.551;2.551;2.444;2.444;2.444;2.444;2.444;2.444;2.444;2.444;2.444;2.444;2.444;2.444;2.444;2.444;2.444;2.444;2.444;2.444;2.444;0.751;0.751;0.907","C9H8O3;C9H8O3;C9H8O3;C9H8O3;C9H8O3;C9H8O3;C9H8O3;C9H8O3;C9H8O3;C9H8O3;C9H8O3;C9H8O3;C9H8O3;C9H8O3;C9H8O3;C9H8O3;C9H8O3;C9H8O3;C9H8O3;C9H8O3;C9H8O3;C9H8O3;C9H8O3;C9H8O3;C9H8O3;C9H8O3;C9H8O3;C9H8O3;C9H8O3;C9H8O3;C9H8O3;C9H8O3;C9H8O3;C9H8O3;C9H8O3;C9H8O3;C9H8O3;C9H8O3;C9H8O3;C9H8O3;C9H8O3;C9H8O3;C9H8O3;C9H8O3;C9H8O3;C9H8O3;C9H8O3;C9H8O3;C9H8O3;C9H8O3;C9H8O3;C9H8O3;C9H8O3;C9H8O3;C9H8O3;C9H8O3;C9H8O3;C9H8O3","0.73357202696758;0.73357202696758;0.73357202696758;0.73357202696758;0.73357202696758;0.73357202696758;0.73357202696758;0.73357202696758;0.73357202696758;0.73357202696758;0.73357202696758;0.73357202696758;0.73357202696758;0.73357202696758;0.73357202696758;0.73357202696758;0.73357202696758;0.73357202696758;0.73357202696758;0.73357202696758;0.73357202696758;0.73357202696758;0.73357202696758;0.73357202696758;0.73357202696758;0.73357202696758;0.73357202696758;0.73357202696758;0.73357202696758;0.73357202696758;0.73357202696758;0.73357202696758;0.73357202696758;0.73357202696758;0.73357202696758;0.73357202696758;0.73357202696758;0.73357202696758;0.73357202696758;0.73357202696758;0.73357202696758;0.73357202696758;0.73357202696758;0.73357202696758;0.73357202696758;0.73357202696758;0.73357202696758;0.73357202696758;0.73357202696758;0.73357202696758;0.73357202696758;0.73357202696758;0.73357202696758;0.73357202696758;0.73357202696758;0.73357202696758;0.73357202696758;0.73357202696758","HMDB;HMDB;HMDB;HMDB;HMDB;HMDB;HMDB;HMDB;HMDB;HMDB;HMDB;HMDB;HMDB;HMDB;HMDB;HMDB;HMDB;HMDB;HMDB;HMDB;HMDB;HMDB;HMDB;HMDB;HMDB;HMDB;HMDB;HMDB;HMDB;HMDB;HMDB;HMDB;HMDB;HMDB;HMDB;HMDB;HMDB;HMDB;HMDB;HMDB;HMDB;HMDB;HMDB;HMDB;HMDB;HMDB;HMDB;HMDB;HMDB;HMDB;HMDB;HMDB;HMDB;HMDB;HMDB;STD;STD;STD"
182.081290191457,0.898268333333333,12482.1181640625,18675.19921875,23120.5,3083743.25,3535733,4558934,6,"457;458;459;460;461;462;463;464;465;466;467;468;469;3324;7584;7585;7586;8699;11480;11481;11482;11483;11484;11485;11486;11487;11488;11489;11490;11491;11492;11493;11494;11495;11496;11497;15959;27909;27910;27911;27912;27913;27914;27915;27916;27917;27918;27919;32136;32138",263.280994689542,0.00516526063068534,182.081563313802,"N[C@@H](CC1=CC=C(O)C=C1)C(O)=O;N[C@@H](CC1=CC=C(O)C=C1)C(O)=O;N[C@@H](CC1=CC=C(O)C=C1)C(O)=O;N[C@@H](CC1=CC=C(O)C=C1)C(O)=O;N[C@@H](CC1=CC=C(O)C=C1)C(O)=O;N[C@@H](CC1=CC=C(O)C=C1)C(O)=O;N[C@@H](CC1=CC=C(O)C=C1)C(O)=O;N[C@@H](CC1=CC=C(O)C=C1)C(O)=O;N[C@@H](CC1=CC=C(O)C=C1)C(O)=O;N[C@@H](CC1=CC=C(O)C=C1)C(O)=O;N[C@@H](CC1=CC=C(O)C=C1)C(O)=O;N[C@@H](CC1=CC=C(O)C=C1)C(O)=O;N[C@@H](CC1=CC=C(O)C=C1)C(O)=O;NC(CC(O)=O)C1=CC=C(O)C=C1;NC(CC1=CC=C(O)C=C1)C(O)=O;NC(CC1=CC=C(O)C=C1)C(O)=O;NC(CC1=CC=C(O)C=C1)C(O)=O;N[C@@H](CC1=CC=C(O)C=C1)C(O)=O;N[C@@H](CC1=CC=C(O)C=C1)C(O)=O;N[C@@H](CC1=CC=C(O)C=C1)C(O)=O;N[C@@H](CC1=CC=C(O)C=C1)C(O)=O;N[C@@H](CC1=CC=C(O)C=C1)C(O)=O;N[C@@H](CC1=CC=C(O)C=C1)C(O)=O;N[C@@H](CC1=CC=C(O)C=C1)C(O)=O;N[C@@H](CC1=CC=C(O)C=C1)C(O)=O;N[C@@H](CC1=CC=C(O)C=C1)C(O)=O;N[C@@H](CC1=CC=C(O)C=C1)C(O)=O;N[C@@H](CC1=CC=C(O)C=C1)C(O)=O;N[C@@H](CC1=CC=C(O)C=C1)C(O)=O;N[C@@H](CC1=CC=C(O)C=C1)C(O)=O;N[C@@H](CC1=CC=C(O)C=C1)C(O)=O;N[C@@H](CC1=CC=C(O)C=C1)C(O)=O;N[C@@H](CC1=CC=C(O)C=C1)C(O)=O;N[C@@H](CC1=CC=C(O)C=C1)C(O)=O;N[C@@H](CC1=CC=C(O)C=C1)C(O)=O;N[C@@H](CC1=CC=C(O)C=C1)C(O)=O;NC(CC(O)=O)C1=CC=C(O)C=C1;NC(CC1=CC=C(O)C=C1)C(O)=O;NC(CC1=CC=C(O)C=C1)C(O)=O;NC(CC1=CC=C(O)C=C1)C(O)=O;NC(CC1=CC=C(O)C=C1)C(O)=O;NC(CC1=CC=C(O)C=C1)C(O)=O;NC(CC1=CC=C(O)C=C1)C(O)=O;NC(CC1=CC=C(O)C=C1)C(O)=O;NC(CC1=CC=C(O)C=C1)C(O)=O;NC(CC1=CC=C(O)C=C1)C(O)=O;NC(CC1=CC=C(O)C=C1)C(O)=O;NC(CC1=CC=C(O)C=C1)C(O)=O;N[C@@H](CC1=CC=C(O)C=C1)C(O)=O;N[C@@H](CC1=CC=CC(O)=C1)C(O)=O","[M+H]+;[M+H]+;[M+H]+;[M+H]+;[M+H]+;[M+H]+;[M+H]+;[M+H]+;[M+H]+;[M+H]+;[M+H]+;[M+H]+;[M+H]+;[M+H]+;[M+H]+;[M+H]+;[M+H]+;[M+H]+;[M+H]+;[M+H]+;[M+H]+;[M+H]+;[M+H]+;[M+H]+;[M+H]+;[M+H]+;[M+H]+;[M+H]+;[M+H]+;[M+H]+;[M+H]+;[M+H]+;[M+H]+;[M+H]+;[M+H]+;[M+H]+;[M+H]+;[M+H]+;[M+H]+;[M+H]+;[M+H]+;[M+H]+;[M+H]+;[M+H]+;[M+H]+;[M+H]+;[M+H]+;[M+H]+;[M+H]+;[M+H]+","0;-3.436;-3.436;-3.436;-3.436;-3.436;-3.436;-3.436;-3.436;-3.436;-3.436;-3.436;-3.436;-3.436;0.173;2.266;2.266;2.266;-3.436;4.792;4.792;4.792;4.792;4.792;4.792;4.792;4.792;4.792;4.792;4.792;4.792;4.792;4.792;4.792;4.792;4.792;4.792;2.221;3.72;3.72;3.72;3.72;3.72;3.72;3.72;3.72;3.72;3.72;3.72;-2.711;-2.5","C9H11NO3;C9H11NO3;C9H11NO3;C9H11NO3;C9H11NO3;C9H11NO3;C9H11NO3;C9H11NO3;C9H11NO3;C9H11NO3;C9H11NO3;C9H11NO3;C9H11NO3;C9H11NO3;C9H11NO3;C9H11NO3;C9H11NO3;C9H11NO3;C9H11NO3;C9H11NO3;C9H11NO3;C9H11NO3;C9H11NO3;C9H11NO3;C9H11NO3;C9H11NO3;C9H11NO3;C9H11NO3;C9H11NO3;C9H11NO3;C9H11NO3;C9H11NO3;C9H11NO3;C9H11NO3;C9H11NO3;C9H11NO3;C9H11NO3;C9H11NO3;C9H11NO3;C9H11NO3;C9H11NO3;C9H11NO3;C9H11NO3;C9H11NO3;C9H11NO3;C9H11NO3;C9H11NO3;C9H11NO3;C9H11NO3;C9H11NO3","0.615062964564547;0.615062964564547;0.615062964564547;0.615062964564547;0.615062964564547;0.615062964564547;0.615062964564547;0.615062964564547;0.615062964564547;0.615062964564547;0.615062964564547;0.615062964564547;0.615062964564547;0.615062964564547;0.615062964564547;0.615062964564547;0.615062964564547;0.615062964564547;0.615062964564547;0.615062964564547;0.615062964564547;0.615062964564547;0.615062964564547;0.615062964564547;0.615062964564547;0.615062964564547;0.615062964564547;0.615062964564547;0.615062964564547;0.615062964564547;0.615062964564547;0.615062964564547;0.615062964564547;0.615062964564547;0.615062964564547;0.615062964564547;0.615062964564547;0.615062964564547;0.615062964564547;0.615062964564547;0.615062964564547;0.615062964564547;0.615062964564547;0.615062964564547;0.615062964564547;0.615062964564547;0.615062964564547;0.615062964564547;0.615062959101274;0.615062959101274","HMDB;HMDB;HMDB;HMDB;HMDB;HMDB;HMDB;HMDB;HMDB;HMDB;HMDB;HMDB;HMDB;HMDB;HMDB;HMDB;HMDB;HMDB;HMDB;HMDB;HMDB;HMDB;HMDB;HMDB;HMDB;HMDB;HMDB;HMDB;HMDB;HMDB;HMDB;HMDB;HMDB;HMDB;HMDB;HMDB;HMDB;HMDB;HMDB;HMDB;HMDB;HMDB;HMDB;HMDB;HMDB;HMDB;HMDB;HMDB;STD;STD"
195.101595368001,8.46985,333122.84375,285202.15625,253335.625,2741754.25,2765613.25,2532434.75,5,"5706;5707;5708;5709;5710;5711;5712;5713;5714;5715;5716;5717;5718;5719;5863;5864;5865;5866;5867;5868;23068;23069;23070;23071;23072;23073;23074",263.280994689542,0.00516526063068534,195.101888020833,"CCCCOC(=O)C1=CC=C(O)C=C1;CCCCOC(=O)C1=CC=C(O)C=C1;CCCCOC(=O)C1=CC=C(O)C=C1;CCCCOC(=O)C1=CC=C(O)C=C1;CCCCOC(=O)C1=CC=C(O)C=C1;CCCCOC(=O)C1=CC=C(O)C=C1;CCCCOC(=O)C1=CC=C(O)C=C1;CCCCOC(=O)C1=CC=C(O)C=C1;CCCCOC(=O)C1=CC=C(O)C=C1;CCCCOC(=O)C1=CC=C(O)C=C1;CCCCOC(=O)C1=CC=C(O)C=C1;CCCCOC(=O)C1=CC=C(O)C=C1;CCCCOC(=O)C1=CC=C(O)C=C1;CCCCOC(=O)C1=CC=C(O)C=C1;CCOC(=O)COC1=CC=C(C)C=C1;CCOC(=O)COC1=CC=C(C)C=C1;CCOC(=O)COC1=CC=C(C)C=C1;CCOC(=O)COC1=CC=C(C)C=C1;CCOC(=O)COC1=CC=C(C)C=C1;CCOC(=O)COC1=CC=C(C)C=C1;CCCCOC(=O)C1=CC=C(O)C=C1;CCCCOC(=O)C1=CC=C(O)C=C1;CCCCOC(=O)C1=CC=C(O)C=C1;CCCCOC(=O)C1=CC=C(O)C=C1;CCCCOC(=O)C1=CC=C(O)C=C1;CCCCOC(=O)C1=CC=C(O)C=C1;CCCCOC(=O)C1=CC=C(O)C=C1","[M+H]+;[M+H]+;[M+H]+;[M+H]+;[M+H]+;[M+H]+;[M+H]+;[M+H]+;[M+H]+;[M+H]+;[M+H]+;[M+H]+;[M+H]+;[M+H]+;[M+H]+;[M+H]+;[M+H]+;[M+H]+;[M+H]+;[M+H]+;[M+H]+;[M+H]+;[M+H]+;[M+H]+;[M+H]+;[M+H]+;[M+H]+","0;-1.636;-1.636;-1.636;-1.636;-1.636;-1.636;-1.636;-1.636;-1.636;-1.636;-1.636;-1.636;-1.636;-1.636;0.702;0.702;0.702;0.702;0.702;0.147;3.954;3.954;3.954;3.954;3.954;3.954;3.954","C11H14O3;C11H14O3;C11H14O3;C11H14O3;C11H14O3;C11H14O3;C11H14O3;C11H14O3;C11H14O3;C11H14O3;C11H14O3;C11H14O3;C11H14O3;C11H14O3;C11H14O3;C11H14O3;C11H14O3;C11H14O3;C11H14O3;C11H14O3;C11H14O3;C11H14O3;C11H14O3;C11H14O3;C11H14O3;C11H14O3;C11H14O3","0.0823570985206815;0.0823570985206815;0.0823570985206815;0.0823570985206815;0.0823570985206815;0.0823570985206815;0.0823570985206815;0.0823570985206815;0.0823570985206815;0.0823570985206815;0.0823570985206815;0.0823570985206815;0.0823570985206815;0.0823570985206815;0.0823570985206815;0.0823570985206815;0.0823570985206815;0.0823570985206815;0.0823570985206815;0.0823570985206815;0.0823570985206815;0.0823570985206815;0.0823570985206815;0.0823570985206815;0.0823570985206815;0.0823570985206815;0.0823570985206815","HMDB;HMDB;HMDB;HMDB;HMDB;HMDB;HMDB;HMDB;HMDB;HMDB;HMDB;HMDB;HMDB;HMDB;HMDB;HMDB;HMDB;HMDB;HMDB;HMDB;HMDB;HMDB;HMDB;HMDB;HMDB;HMDB;HMDB"
249.159655353381,5.92943333333333,2443.14916992188,2720.18627929688,2442.20654296875,10741.8486328125,11753.0146484375,11851.0615234375,6,"19960;19961;19962;19963;19964;19965;19966;19967;19968",263.280994689542,0.00516526063068534,249.160029093424,"CC(C)NCC(O)COC1=CC=CC2=C1C=CN2;CC(C)NCC(O)COC1=CC=CC2=C1C=CN2;CC(C)NCC(O)COC1=CC=CC2=C1C=CN2;CC(C)NCC(O)COC1=CC=CC2=C1C=CN2;CC(C)NCC(O)COC1=CC=CC2=C1C=CN2;CC(C)NCC(O)COC1=CC=CC2=C1C=CN2;CC(C)NCC(O)COC1=CC=CC2=C1C=CN2;CC(C)NCC(O)COC1=CC=CC2=C1C=CN2;CC(C)NCC(O)COC1=CC=CC2=C1C=CN2","[M+H]+;[M+H]+;[M+H]+;[M+H]+;[M+H]+;[M+H]+;[M+H]+;[M+H]+;[M+H]+","0;2.422;2.422;2.422;2.422;2.422;-0.248;-1.676;-1.676;-1.676","C14H20N2O2;C14H20N2O2;C14H20N2O2;C14H20N2O2;C14H20N2O2;C14H20N2O2;C14H20N2O2;C14H20N2O2;C14H20N2O2","-0.431637373345659;-0.431637373345659;-0.431637373345659;-0.431637373345659;-0.431637373345659;-0.431637373345659;-0.431637373345659;-0.431637373345659;-0.431637373345659","HMDB;HMDB;HMDB;HMDB;HMDB;HMDB;HMDB;HMDB;HMDB"
269.088290621516,1.01006833333333,22266.83984375,49937.078125,24855.583984375,158014.421875,154940.28125,141630.390625,4,"615;616;617;618;619;620;621;622;623;11748;11749;11750;11751;11752;11753;11754;11755;11756;11757;11758;11759;11760;32477",263.280994689542,0.00516526063068534,269.088694254557,"OC[C@H]1O[C@H]([C@H](O)[C@@H]1O)N1C=NC2=C(O)N=CN=C12;OC[C@H]1O[C@H]([C@H](O)[C@@H]1O)N1C=NC2=C(O)N=CN=C12;OC[C@H]1O[C@H]([C@H](O)[C@@H]1O)N1C=NC2=C(O)N=CN=C12;OC[C@H]1O[C@H]([C@H](O)[C@@H]1O)N1C=NC2=C(O)N=CN=C12;OC[C@H]1O[C@H]([C@H](O)[C@@H]1O)N1C=NC2=C(O)N=CN=C12;OC[C@H]1O[C@H]([C@H](O)[C@@H]1O)N1C=NC2=C(O)N=CN=C12;OC[C@H]1O[C@H]([C@H](O)[C@@H]1O)N1C=NC2=C(O)N=CN=C12;OC[C@H]1O[C@H]([C@H](O)[C@@H]1O)N1C=NC2=C(O)N=CN=C12;OC[C@H]1O[C@H]([C@H](O)[C@@H]1O)N1C=NC2=C(O)N=CN=C12;OC[C@H]1O[C@H]([C@H](O)[C@@H]1O)N1C=NC2=C(O)N=CN=C12;OC[C@H]1O[C@H]([C@H](O)[C@@H]1O)N1C=NC2=C(O)N=CN=C12;OC[C@H]1O[C@H]([C@H](O)[C@@H]1O)N1C=NC2=C(O)N=CN=C12;OC[C@H]1O[C@H]([C@H](O)[C@@H]1O)N1C=NC2=C(O)N=CN=C12;OC[C@H]1O[C@H]([C@H](O)[C@@H]1O)N1C=NC2=C(O)N=CN=C12;OC[C@H]1O[C@H]([C@H](O)[C@@H]1O)N1C=NC2=C(O)N=CN=C12;OC[C@H]1O[C@H]([C@H](O)[C@@H]1O)N1C=NC2=C(O)N=CN=C12;OC[C@H]1O[C@H]([C@H](O)[C@@H]1O)N1C=NC2=C(O)N=CN=C12;OC[C@H]1O[C@H]([C@H](O)[C@@H]1O)N1C=NC2=C(O)N=CN=C12;OC[C@H]1O[C@H]([C@H](O)[C@@H]1O)N1C=NC2=C(O)N=CN=C12;OC[C@H]1O[C@H]([C@H](O)[C@@H]1O)N1C=NC2=C(O)N=CN=C12;OC[C@H]1O[C@H]([C@H](O)[C@@H]1O)N1C=NC2=C(O)N=CN=C12;OC[C@H]1O[C@H]([C@H](O)[C@@H]1O)N1C=NC2=C(O)N=CN=C12;OC[C@H]1O[C@H]([C@H](O)[C@@H]1O)N1C=NC2=C1NC=NC2=O","[M+H]+;[M+H]+;[M+H]+;[M+H]+;[M+H]+;[M+H]+;[M+H]+;[M+H]+;[M+H]+;[M+H]+;[M+H]+;[M+H]+;[M+H]+;[M+H]+;[M+H]+;[M+H]+;[M+H]+;[M+H]+;[M+H]+;[M+H]+;[M+H]+;[M+H]+;[M+H]+","0;-3.403;-3.403;-6.309;-6.309;-6.309;-1.671;-1.671;-2.928;-2.928;0.704;0.704;0.704;3.147;3.147;3.147;3.147;3.147;1.277;1.277;1.277;1.277;1.277;-0.633","C10H12N4O5;C10H12N4O5;C10H12N4O5;C10H12N4O5;C10H12N4O5;C10H12N4O5;C10H12N4O5;C10H12N4O5;C10H12N4O5;C10H12N4O5;C10H12N4O5;C10H12N4O5;C10H12N4O5;C10H12N4O5;C10H12N4O5;C10H12N4O5;C10H12N4O5;C10H12N4O5;C10H12N4O5;C10H12N4O5;C10H12N4O5;C10H12N4O5;C10H12N4O5","0.877487148759342;0.877487148759342;0.877487148759342;0.877487148759342;0.877487148759342;0.877487148759342;0.877487148759342;0.877487148759342;0.877487148759342;0.877487148759342;0.877487148759342;0.877487148759342;0.877487148759342;0.877487148759342;0.877487148759342;0.877487148759342;0.877487148759342;0.877487148759342;0.877487148759342;0.877487148759342;0.877487148759342;0.877487148759342;0.877487145168186","HMDB;HMDB;HMDB;HMDB;HMDB;HMDB;HMDB;HMDB;HMDB;HMDB;HMDB;HMDB;HMDB;HMDB;HMDB;HMDB;HMDB;HMDB;HMDB;HMDB;HMDB;HMDB;STD"
291.089295217616,0.955008333333333,5326.65576171875,7634.92333984375,14028.4443359375,46042.2578125,24603.404296875,34695.453125,4,"7464;7465;7466;7467;7468;27619;27620;27621;27622;27623;27624;27625;27626;27627;27628;27629;27630",263.280994689542,0.00516526063068534,290.086303710938,"CN(C)C(=O)NC1=CC=C(OC2=CC=C(Cl)C=C2)C=C1;CN(C)C(=O)NC1=CC=C(OC2=CC=C(Cl)C=C2)C=C1;CN(C)C(=O)NC1=CC=C(OC2=CC=C(Cl)C=C2)C=C1;CN(C)C(=O)NC1=CC=C(OC2=CC=C(Cl)C=C2)C=C1;CN(C)C(=O)NC1=CC=C(OC2=CC=C(Cl)C=C2)C=C1;CN(C)C(=O)NC1=CC=C(OC2=CC=C(Cl)C=C2)C=C1;CN(C)C(=O)NC1=CC=C(OC2=CC=C(Cl)C=C2)C=C1;CN(C)C(=O)NC1=CC=C(OC2=CC=C(Cl)C=C2)C=C1;CN(C)C(=O)NC1=CC=C(OC2=CC=C(Cl)C=C2)C=C1;CN(C)C(=O)NC1=CC=C(OC2=CC=C(Cl)C=C2)C=C1;CN(C)C(=O)NC1=CC=C(OC2=CC=C(Cl)C=C2)C=C1;CN(C)C(=O)NC1=CC=C(OC2=CC=C(Cl)C=C2)C=C1;CN(C)C(=O)NC1=CC=C(OC2=CC=C(Cl)C=C2)C=C1;CN(C)C(=O)NC1=CC=C(OC2=CC=C(Cl)C=C2)C=C1;CN(C)C(=O)NC1=CC=C(OC2=CC=C(Cl)C=C2)C=C1;CN(C)C(=O)NC1=CC=C(OC2=CC=C(Cl)C=C2)C=C1;CN(C)C(=O)NC1=CC=C(OC2=CC=C(Cl)C=C2)C=C1","[M+H]+;[M+H]+;[M+H]+;[M+H]+;[M+H]+;[M+H]+;[M+H]+;[M+H]+;[M+H]+;[M+H]+;[M+H]+;[M+H]+;[M+H]+;[M+H]+;[M+H]+;[M+H]+;[M+H]+","0;3.777;3.777;3.777;1.818;1.818;2.887;2.887;2.887;2.887;2.887;2.887;2.887;0.348;0.348;0.348;0.348;0.348","C15H15ClN2O2;C15H15ClN2O2;C15H15ClN2O2;C15H15ClN2O2;C15H15ClN2O2;C15H15ClN2O2;C15H15ClN2O2;C15H15ClN2O2;C15H15ClN2O2;C15H15ClN2O2;C15H15ClN2O2;C15H15ClN2O2;C15H15ClN2O2;C15H15ClN2O2;C15H15ClN2O2;C15H15ClN2O2;C15H15ClN2O2","-0.670524088017537;-0.670524088017537;-0.670524088017537;-0.670524088017537;-0.670524088017537;-0.670524088017537;-0.670524088017537;-0.670524088017537;-0.670524088017537;-0.670524088017537;-0.670524088017537;-0.670524088017537;-0.670524088017537;-0.670524088017537;-0.670524088017537;-0.670524088017537;-0.670524088017537","HMDB;HMDB;HMDB;HMDB;HMDB;HMDB;HMDB;HMDB;HMDB;HMDB;HMDB;HMDB;HMDB;HMDB;HMDB;HMDB;HMDB"
306.048074048945,0.641285,14604.951171875,16396.740234375,24010.896484375,206992.78125,251229.890625,158472.359375,5,"3729;3730;3731;3732;16949;16950;16951;16952;16953;16954;16955",263.280994689542,0.00516526063068534,306.048533121745,"NC1=NC(=O)N(C=C1)C1O[C@H](CO)[C@H]2OP(O)(=O)O[C@@H]12;NC1=NC(=O)N(C=C1)C1O[C@H](CO)[C@H]2OP(O)(=O)O[C@@H]12;NC1=NC(=O)N(C=C1)C1O[C@H](CO)[C@H]2OP(O)(=O)O[C@@H]12;NC1=NC(=O)N(C=C1)C1O[C@H](CO)[C@H]2OP(O)(=O)O[C@@H]12;NC1=NC(=O)N(C=C1)C1O[C@H](CO)[C@H]2OP(O)(=O)O[C@@H]12;NC1=NC(=O)N(C=C1)C1O[C@H](CO)[C@H]2OP(O)(=O)O[C@@H]12;NC1=NC(=O)N(C=C1)C1O[C@H](CO)[C@H]2OP(O)(=O)O[C@@H]12;NC1=NC(=O)N(C=C1)C1O[C@H](CO)[C@H]2OP(O)(=O)O[C@@H]12;NC1=NC(=O)N(C=C1)C1O[C@H](CO)[C@H]2OP(O)(=O)O[C@@H]12;NC1=NC(=O)N(C=C1)C1O[C@H](CO)[C@H]2OP(O)(=O)O[C@@H]12;NC1=NC(=O)N(C=C1)C1O[C@H](CO)[C@H]2OP(O)(=O)O[C@@H]12","[M+H]+;[M+H]+;[M+H]+;[M+H]+;[M+H]+;[M+H]+;[M+H]+;[M+H]+;[M+H]+;[M+H]+;[M+H]+","0;2.19;2.19;2.19;2.19;8.75;8.75;1.566;1.566;1.566;1.566;1.566","C9H12N3O7P;C9H12N3O7P;C9H12N3O7P;C9H12N3O7P;C9H12N3O7P;C9H12N3O7P;C9H12N3O7P;C9H12N3O7P;C9H12N3O7P;C9H12N3O7P;C9H12N3O7P","-1.62474819174899;-1.62474819174899;-1.62474819174899;-1.62474819174899;-1.62474819174899;-1.62474819174899;-1.62474819174899;-1.62474819174899;-1.62474819174899;-1.62474819174899;-1.62474819174899","HMDB;HMDB;HMDB;HMDB;HMDB;HMDB;HMDB;HMDB;HMDB;HMDB;HMDB"
313.191200948171,5.30053333333333,100,1579.76879882812,100,6024.79296875,5289.47119140625,8895.798828125,6,"20350;20351;20352;20353;20354;20355;20356;20357;20358;20359;20360;20361;20362;20363;20364;20365;20366;20367;20368;20369;20370;20371;20372;20373;20374;20375;20376;20377;20378;20379;20380;20381;20382",263.280994689542,0.00516526063068534,313.191670735677,"O=C(C1CCCCC1)N1CC2N(CCC3=CC=CC=C23)C(=O)C1;O=C(C1CCCCC1)N1CC2N(CCC3=CC=CC=C23)C(=O)C1;O=C(C1CCCCC1)N1CC2N(CCC3=CC=CC=C23)C(=O)C1;O=C(C1CCCCC1)N1CC2N(CCC3=CC=CC=C23)C(=O)C1;O=C(C1CCCCC1)N1CC2N(CCC3=CC=CC=C23)C(=O)C1;O=C(C1CCCCC1)N1CC2N(CCC3=CC=CC=C23)C(=O)C1;O=C(C1CCCCC1)N1CC2N(CCC3=CC=CC=C23)C(=O)C1;O=C(C1CCCCC1)N1CC2N(CCC3=CC=CC=C23)C(=O)C1;O=C(C1CCCCC1)N1CC2N(CCC3=CC=CC=C23)C(=O)C1;O=C(C1CCCCC1)N1CC2N(CCC3=CC=CC=C23)C(=O)C1;O=C(C1CCCCC1)N1CC2N(CCC3=CC=CC=C23)C(=O)C1;O=C(C1CCCCC1)N1CC2N(CCC3=CC=CC=C23)C(=O)C1;O=C(C1CCCCC1)N1CC2N(CCC3=CC=CC=C23)C(=O)C1;O=C(C1CCCCC1)N1CC2N(CCC3=CC=CC=C23)C(=O)C1;O=C(C1CCCCC1)N1CC2N(CCC3=CC=CC=C23)C(=O)C1;O=C(C1CCCCC1)N1CC2N(CCC3=CC=CC=C23)C(=O)C1;O=C(C1CCCCC1)N1CC2N(CCC3=CC=CC=C23)C(=O)C1;O=C(C1CCCCC1)N1CC2N(CCC3=CC=CC=C23)C(=O)C1;O=C(C1CCCCC1)N1CC2N(CCC3=CC=CC=C23)C(=O)C1;O=C(C1CCCCC1)N1CC2N(CCC3=CC=CC=C23)C(=O)C1;O=C(C1CCCCC1)N1CC2N(CCC3=CC=CC=C23)C(=O)C1;O=C(C1CCCCC1)N1CC2N(CCC3=CC=CC=C23)C(=O)C1;O=C(C1CCCCC1)N1CC2N(CCC3=CC=CC=C23)C(=O)C1;O=C(C1CCCCC1)N1CC2N(CCC3=CC=CC=C23)C(=O)C1;O=C(C1CCCCC1)N1CC2N(CCC3=CC=CC=C23)C(=O)C1;O=C(C1CCCCC1)N1CC2N(CCC3=CC=CC=C23)C(=O)C1;O=C(C1CCCCC1)N1CC2N(CCC3=CC=CC=C23)C(=O)C1;O=C(C1CCCCC1)N1CC2N(CCC3=CC=CC=C23)C(=O)C1;O=C(C1CCCCC1)N1CC2N(CCC3=CC=CC=C23)C(=O)C1;O=C(C1CCCCC1)N1CC2N(CCC3=CC=CC=C23)C(=O)C1;O=C(C1CCCCC1)N1CC2N(CCC3=CC=CC=C23)C(=O)C1;O=C(C1CCCCC1)N1CC2N(CCC3=CC=CC=C23)C(=O)C1;O=C(C1CCCCC1)N1CC2N(CCC3=CC=CC=C23)C(=O)C1","[M+H]+;[M+H]+;[M+H]+;[M+H]+;[M+H]+;[M+H]+;[M+H]+;[M+H]+;[M+H]+;[M+H]+;[M+H]+;[M+H]+;[M+H]+;[M+H]+;[M+H]+;[M+H]+;[M+H]+;[M+H]+;[M+H]+;[M+H]+;[M+H]+;[M+H]+;[M+H]+;[M+H]+;[M+H]+;[M+H]+;[M+H]+;[M+H]+;[M+H]+;[M+H]+;[M+H]+;[M+H]+;[M+H]+","0;-0.169;-0.169;-0.169;-0.169;-0.169;-0.169;-0.169;-0.169;-0.169;-0.169;-0.169;-0.169;-0.169;-0.169;-0.169;-1.904;-1.904;-1.904;-1.904;-1.904;-1.904;-1.904;-1.904;-1.904;-1.904;-1.904;-1.904;-1.904;-1.904;-1.904;0.142;0.142;0.142","C19H24N2O2;C19H24N2O2;C19H24N2O2;C19H24N2O2;C19H24N2O2;C19H24N2O2;C19H24N2O2;C19H24N2O2;C19H24N2O2;C19H24N2O2;C19H24N2O2;C19H24N2O2;C19H24N2O2;C19H24N2O2;C19H24N2O2;C19H24N2O2;C19H24N2O2;C19H24N2O2;C19H24N2O2;C19H24N2O2;C19H24N2O2;C19H24N2O2;C19H24N2O2;C19H24N2O2;C19H24N2O2;C19H24N2O2;C19H24N2O2;C19H24N2O2;C19H24N2O2;C19H24N2O2;C19H24N2O2;C19H24N2O2;C19H24N2O2","0.440459918762356;0.440459918762356;0.440459918762356;0.440459918762356;0.440459918762356;0.440459918762356;0.440459918762356;0.440459918762356;0.440459918762356;0.440459918762356;0.440459918762356;0.440459918762356;0.440459918762356;0.440459918762356;0.440459918762356;0.440459918762356;0.440459918762356;0.440459918762356;0.440459918762356;0.440459918762356;0.440459918762356;0.440459918762356;0.440459918762356;0.440459918762356;0.440459918762356;0.440459918762356;0.440459918762356;0.440459918762356;0.440459918762356;0.440459918762356;0.440459918762356;0.440459918762356;0.440459918762356","HMDB;HMDB;HMDB;HMDB;HMDB;HMDB;HMDB;HMDB;HMDB;HMDB;HMDB;HMDB;HMDB;HMDB;HMDB;HMDB;HMDB;HMDB;HMDB;HMDB;HMDB;HMDB;HMDB;HMDB;HMDB;HMDB;HMDB;HMDB;HMDB;HMDB;HMDB;HMDB;HMDB"
324.058992670547,0.715318333333333,2489.89990234375,1860.30908203125,2283.2119140625,14285.69921875,22603.791015625,16265.70703125,5,"6660;6661;6662;11233;11234;11235;11236;25465;25466;25467;25468;25469;25470;32233",263.280994689542,0.00516526063068534,324.059478759766,"NC1=NC(=O)N(C=C1)[C@@H]1O[C@H](CO)[C@@H](OP(O)(O)=O)[C@H]1O;NC1=NC(=O)N(C=C1)[C@@H]1O[C@H](CO)[C@@H](OP(O)(O)=O)[C@H]1O;NC1=NC(=O)N(C=C1)[C@@H]1O[C@H](CO)[C@@H](OP(O)(O)=O)[C@H]1O;NC1=NC(=O)N(C=C1)[C@@H]1O[C@H](COP(O)(O)=O)[C@@H](O)[C@H]1O;NC1=NC(=O)N(C=C1)[C@@H]1O[C@H](COP(O)(O)=O)[C@@H](O)[C@H]1O;NC1=NC(=O)N(C=C1)[C@@H]1O[C@H](COP(O)(O)=O)[C@@H](O)[C@H]1O;NC1=NC(=O)N(C=C1)[C@@H]1O[C@H](COP(O)(O)=O)[C@@H](O)[C@H]1O;NC1=NC(=O)N(C=C1)[C@@H]1O[C@H](CO)[C@@H](OP(O)(O)=O)[C@H]1O;NC1=NC(=O)N(C=C1)[C@@H]1O[C@H](CO)[C@@H](OP(O)(O)=O)[C@H]1O;NC1=NC(=O)N(C=C1)[C@@H]1O[C@H](CO)[C@@H](OP(O)(O)=O)[C@H]1O;NC1=NC(=O)N(C=C1)[C@@H]1O[C@H](CO)[C@@H](OP(O)(O)=O)[C@H]1O;NC1=NC(=O)N(C=C1)[C@@H]1O[C@H](CO)[C@@H](OP(O)(O)=O)[C@H]1O;NC1=NC(=O)N(C=C1)[C@@H]1O[C@H](CO)[C@@H](OP(O)(O)=O)[C@H]1O;NC1=NC(=O)N(C=C1)[C@@H]1O[C@H](COP(O)(O)=O)[C@@H](O)[C@H]1O","[M+H]+;[M+H]+;[M+H]+;[M+H]+;[M+H]+;[M+H]+;[M+H]+;[M+H]+;[M+H]+;[M+H]+;[M+H]+;[M+H]+;[M+H]+;[M+H]+","0;3.171;3.171;3.171;1.417;-1.262;-1.262;-1.262;0.599;0.599;0.599;0.599;0.599;0.599;-3.851","C9H14N3O8P;C9H14N3O8P;C9H14N3O8P;C9H14N3O8P;C9H14N3O8P;C9H14N3O8P;C9H14N3O8P;C9H14N3O8P;C9H14N3O8P;C9H14N3O8P;C9H14N3O8P;C9H14N3O8P;C9H14N3O8P;C9H14N3O8P","-0.442294322246298;-0.442294322246298;-0.442294322246298;-0.442294322246298;-0.442294322246298;-0.442294322246298;-0.442294322246298;-0.442294322246298;-0.442294322246298;-0.442294322246298;-0.442294322246298;-0.442294322246298;-0.442294322246298;-0.442294322246298","HMDB;HMDB;HMDB;HMDB;HMDB;HMDB;HMDB;HMDB;HMDB;HMDB;HMDB;HMDB;HMDB;STD"
330.059685573792,0.807788333333333,226524.640625,309658.78125,504100.375,3573352,4477893,4096853.75,5,"162;163;164;165;166;167;168;169;170;171;11083;11084;11085;11086;11087;11088;11089;11090;11091;11092;11093;11094;11095;11096;11097;11098;11099;11100;11101;11102;22884;22885;22886;22887;22888;22889;22890;32236",263.280994689542,0.00516526063068534,330.060180664062,"[H][C@@]12COP(O)(=O)O[C@@]1([H])[C@@H](O)[C@@H](O2)N1C=NC2=C1N=CN=C2N;[H][C@@]12COP(O)(=O)O[C@@]1([H])[C@@H](O)[C@@H](O2)N1C=NC2=C1N=CN=C2N;[H][C@@]12COP(O)(=O)O[C@@]1([H])[C@@H](O)[C@@H](O2)N1C=NC2=C1N=CN=C2N;[H][C@@]12COP(O)(=O)O[C@@]1([H])[C@@H](O)[C@@H](O2)N1C=NC2=C1N=CN=C2N;[H][C@@]12COP(O)(=O)O[C@@]1([H])[C@@H](O)[C@@H](O2)N1C=NC2=C1N=CN=C2N;[H][C@@]12COP(O)(=O)O[C@@]1([H])[C@@H](O)[C@@H](O2)N1C=NC2=C1N=CN=C2N;[H][C@@]12COP(O)(=O)O[C@@]1([H])[C@@H](O)[C@@H](O2)N1C=NC2=C1N=CN=C2N;[H][C@@]12COP(O)(=O)O[C@@]1([H])[C@@H](O)[C@@H](O2)N1C=NC2=C1N=CN=C2N;[H][C@@]12COP(O)(=O)O[C@@]1([H])[C@@H](O)[C@@H](O2)N1C=NC2=C1N=CN=C2N;[H][C@@]12COP(O)(=O)O[C@@]1([H])[C@@H](O)[C@@H](O2)N1C=NC2=C1N=CN=C2N;[H][C@@]12COP(O)(=O)O[C@@]1([H])[C@@H](O)[C@@H](O2)N1C=NC2=C1N=CN=C2N;[H][C@@]12COP(O)(=O)O[C@@]1([H])[C@@H](O)[C@@H](O2)N1C=NC2=C1N=CN=C2N;[H][C@@]12COP(O)(=O)O[C@@]1([H])[C@@H](O)[C@@H](O2)N1C=NC2=C1N=CN=C2N;[H][C@@]12COP(O)(=O)O[C@@]1([H])[C@@H](O)[C@@H](O2)N1C=NC2=C1N=CN=C2N;[H][C@@]12COP(O)(=O)O[C@@]1([H])[C@@H](O)[C@@H](O2)N1C=NC2=C1N=CN=C2N;[H][C@@]12COP(O)(=O)O[C@@]1([H])[C@@H](O)[C@@H](O2)N1C=NC2=C1N=CN=C2N;[H][C@@]12COP(O)(=O)O[C@@]1([H])[C@@H](O)[C@@H](O2)N1C=NC2=C1N=CN=C2N;[H][C@@]12COP(O)(=O)O[C@@]1([H])[C@@H](O)[C@@H](O2)N1C=NC2=C1N=CN=C2N;[H][C@@]12COP(O)(=O)O[C@@]1([H])[C@@H](O)[C@@H](O2)N1C=NC2=C1N=CN=C2N;[H][C@@]12COP(O)(=O)O[C@@]1([H])[C@@H](O)[C@@H](O2)N1C=NC2=C1N=CN=C2N;[H][C@@]12COP(O)(=O)O[C@@]1([H])[C@@H](O)[C@@H](O2)N1C=NC2=C1N=CN=C2N;[H][C@@]12COP(O)(=O)O[C@@]1([H])[C@@H](O)[C@@H](O2)N1C=NC2=C1N=CN=C2N;[H][C@@]12COP(O)(=O)O[C@@]1([H])[C@@H](O)[C@@H](O2)N1C=NC2=C1N=CN=C2N;[H][C@@]12COP(O)(=O)O[C@@]1([H])[C@@H](O)[C@@H](O2)N1C=NC2=C1N=CN=C2N;[H][C@@]12COP(O)(=O)O[C@@]1([H])[C@@H](O)[C@@H](O2)N1C=NC2=C1N=CN=C2N;[H][C@@]12COP(O)(=O)O[C@@]1([H])[C@@H](O)[C@@H](O2)N1C=NC2=C1N=CN=C2N;[H][C@@]12COP(O)(=O)O[C@@]1([H])[C@@H](O)[C@@H](O2)N1C=NC2=C1N=CN=C2N;[H][C@@]12COP(O)(=O)O[C@@]1([H])[C@@H](O)[C@@H](O2)N1C=NC2=C1N=CN=C2N;[H][C@@]12COP(O)(=O)O[C@@]1([H])[C@@H](O)[C@@H](O2)N1C=NC2=C1N=CN=C2N;[H][C@@]12COP(O)(=O)O[C@@]1([H])[C@@H](O)[C@@H](O2)N1C=NC2=C1N=CN=C2N;CCOC(=O)N(C)C(=O)CSP(=S)(OCC)OCC;CCOC(=O)N(C)C(=O)CSP(=S)(OCC)OCC;CCOC(=O)N(C)C(=O)CSP(=S)(OCC)OCC;CCOC(=O)N(C)C(=O)CSP(=S)(OCC)OCC;CCOC(=O)N(C)C(=O)CSP(=S)(OCC)OCC;CCOC(=O)N(C)C(=O)CSP(=S)(OCC)OCC;CCOC(=O)N(C)C(=O)CSP(=S)(OCC)OCC;NC1=NC=NC2=C1N=CN2[C@@H]1O[C@@H]2COP(O)(=O)O[C@H]2[C@H]1O","[M+H]+;[M+H]+;[M+H]+;[M+H]+;[M+H]+;[M+H]+;[M+H]+;[M+H]+;[M+H]+;[M+H]+;[M+H]+;[M+H]+;[M+H]+;[M+H]+;[M+H]+;[M+H]+;[M+H]+;[M+H]+;[M+H]+;[M+H]+;[M+H]+;[M+H]+;[M+H]+;[M+H]+;[M+H]+;[M+H]+;[M+H]+;[M+H]+;[M+H]+;[M+H]+;[M+H]+;[M+H]+;[M+H]+;[M+H]+;[M+H]+;[M+H]+;[M+H]+;[M+H]+","0;0.463;0.463;0.463;0.463;0.463;0.463;0.463;0.463;0.463;0.463;2.495;2.495;2.495;2.495;2.495;2.495;2.495;2.495;2.495;2.495;2.495;1.405;1.405;1.405;1.405;1.405;1.405;1.405;1.405;1.405;0.74;0.74;0.74;0.74;0.74;0.74;0.74;-3.436","C10H12N5O6P;C10H12N5O6P;C10H12N5O6P;C10H12N5O6P;C10H12N5O6P;C10H12N5O6P;C10H12N5O6P;C10H12N5O6P;C10H12N5O6P;C10H12N5O6P;C10H12N5O6P;C10H12N5O6P;C10H12N5O6P;C10H12N5O6P;C10H12N5O6P;C10H12N5O6P;C10H12N5O6P;C10H12N5O6P;C10H12N5O6P;C10H12N5O6P;C10H12N5O6P;C10H12N5O6P;C10H12N5O6P;C10H12N5O6P;C10H12N5O6P;C10H12N5O6P;C10H12N5O6P;C10H12N5O6P;C10H12N5O6P;C10H12N5O6P;C10H20NO5PS2;C10H20NO5PS2;C10H20NO5PS2;C10H20NO5PS2;C10H20NO5PS2;C10H20NO5PS2;C10H20NO5PS2;C10H12N5O6P","-0.360923232068325;-0.360923232068325;-0.360923232068325;-0.360923232068325;-0.360923232068325;-0.360923232068325;-0.360923232068325;-0.360923232068325;-0.360923232068325;-0.360923232068325;-0.360923232068325;-0.360923232068325;-0.360923232068325;-0.360923232068325;-0.360923232068325;-0.360923232068325;-0.360923232068325;-0.360923232068325;-0.360923232068325;-0.360923232068325;-0.360923232068325;-0.360923232068325;-0.360923232068325;-0.360923232068325;-0.360923232068325;-0.360923232068325;-0.360923232068325;-0.360923232068325;-0.360923232068325;-0.360923232068325;1.06033486609328;1.06033486609328;1.06033486609328;1.06033486609328;1.06033486609328;1.06033486609328;1.06033486609328;-0.360923232068325","HMDB;HMDB;HMDB;HMDB;HMDB;HMDB;HMDB;HMDB;HMDB;HMDB;HMDB;HMDB;HMDB;HMDB;HMDB;HMDB;HMDB;HMDB;HMDB;HMDB;HMDB;HMDB;HMDB;HMDB;HMDB;HMDB;HMDB;HMDB;HMDB;HMDB;HMDB;HMDB;HMDB;HMDB;HMDB;HMDB;HMDB;STD"
346.054788941127,0.881026666666667,68777.2421875,95722.296875,165752.390625,1069460.375,1013172.5625,945043.6875,4,"2150;2151;2152;2153;2154;2155;2156;13621;13622;13623;13624;13625;13626;13627;13628;13629;13630",263.280994689542,0.00516526063068534,346.055308024089,"NC1=NC2=C(N=CN2[C@@H]2O[C@@H]3COP(O)(=O)O[C@H]3[C@H]2O)C(=O)N1;NC1=NC2=C(N=CN2[C@@H]2O[C@@H]3COP(O)(=O)O[C@H]3[C@H]2O)C(=O)N1;NC1=NC2=C(N=CN2[C@@H]2O[C@@H]3COP(O)(=O)O[C@H]3[C@H]2O)C(=O)N1;NC1=NC2=C(N=CN2[C@@H]2O[C@@H]3COP(O)(=O)O[C@H]3[C@H]2O)C(=O)N1;NC1=NC2=C(N=CN2[C@@H]2O[C@@H]3COP(O)(=O)O[C@H]3[C@H]2O)C(=O)N1;NC1=NC2=C(N=CN2[C@@H]2O[C@@H]3COP(O)(=O)O[C@H]3[C@H]2O)C(=O)N1;NC1=NC2=C(N=CN2[C@@H]2O[C@@H]3COP(O)(=O)O[C@H]3[C@H]2O)C(=O)N1;NC1=NC2=C(N=CN2[C@@H]2O[C@@H]3COP(O)(=O)O[C@H]3[C@H]2O)C(=O)N1;NC1=NC2=C(N=CN2[C@@H]2O[C@@H]3COP(O)(=O)O[C@H]3[C@H]2O)C(=O)N1;NC1=NC2=C(N=CN2[C@@H]2O[C@@H]3COP(O)(=O)O[C@H]3[C@H]2O)C(=O)N1;NC1=NC2=C(N=CN2[C@@H]2O[C@@H]3COP(O)(=O)O[C@H]3[C@H]2O)C(=O)N1;NC1=NC2=C(N=CN2[C@@H]2O[C@@H]3COP(O)(=O)O[C@H]3[C@H]2O)C(=O)N1;NC1=NC2=C(N=CN2[C@@H]2O[C@@H]3COP(O)(=O)O[C@H]3[C@H]2O)C(=O)N1;NC1=NC2=C(N=CN2[C@@H]2O[C@@H]3COP(O)(=O)O[C@H]3[C@H]2O)C(=O)N1;NC1=NC2=C(N=CN2[C@@H]2O[C@@H]3COP(O)(=O)O[C@H]3[C@H]2O)C(=O)N1;NC1=NC2=C(N=CN2[C@@H]2O[C@@H]3COP(O)(=O)O[C@H]3[C@H]2O)C(=O)N1;NC1=NC2=C(N=CN2[C@@H]2O[C@@H]3COP(O)(=O)O[C@H]3[C@H]2O)C(=O)N1","[M+H]+;[M+H]+;[M+H]+;[M+H]+;[M+H]+;[M+H]+;[M+H]+;[M+H]+;[M+H]+;[M+H]+;[M+H]+;[M+H]+;[M+H]+;[M+H]+;[M+H]+;[M+H]+;[M+H]+","0;-5.185;-1.335;-1.335;-1.335;-1.335;-1.335;-1.335;2.37;2.37;2.37;2.37;2.37;2.37;2.37;3.069;3.069;3.069","C10H12N5O7P;C10H12N5O7P;C10H12N5O7P;C10H12N5O7P;C10H12N5O7P;C10H12N5O7P;C10H12N5O7P;C10H12N5O7P;C10H12N5O7P;C10H12N5O7P;C10H12N5O7P;C10H12N5O7P;C10H12N5O7P;C10H12N5O7P;C10H12N5O7P;C10H12N5O7P;C10H12N5O7P","0.201243065284488;0.201243065284488;0.201243065284488;0.201243065284488;0.201243065284488;0.201243065284488;0.201243065284488;0.201243065284488;0.201243065284488;0.201243065284488;0.201243065284488;0.201243065284488;0.201243065284488;0.201243065284488;0.201243065284488;0.201243065284488;0.201243065284488","HMDB;HMDB;HMDB;HMDB;HMDB;HMDB;HMDB;HMDB;HMDB;HMDB;HMDB;HMDB;HMDB;HMDB;HMDB;HMDB;HMDB"
348.07029902007,0.750871666666667,116957.859375,197683.984375,302575.40625,3838425,5709665.5,5727289,6,"113;114;115;116;117;118;119;120;121;122;123;124;125;126;127;128;2008;2009;2010;2011;2012;2013;2014;3269;3270;8694;8695;11003;11004;11005;11006;11007;11008;11009;11010;11011;13374;13375;13376;13377;13378;13379;13380;13381;15867;15868;32216;32225",263.280994689542,0.00516526063068534,348.070821126302,"NC1=C2N=CN([C@@H]3O[C@H](COP(O)(O)=O)[C@@H](O)[C@H]3O)C2=NC=N1;NC1=C2N=CN([C@@H]3O[C@H](COP(O)(O)=O)[C@@H](O)[C@H]3O)C2=NC=N1;NC1=C2N=CN([C@@H]3O[C@H](COP(O)(O)=O)[C@@H](O)[C@H]3O)C2=NC=N1;NC1=C2N=CN([C@@H]3O[C@H](COP(O)(O)=O)[C@@H](O)[C@H]3O)C2=NC=N1;NC1=C2N=CN([C@@H]3O[C@H](COP(O)(O)=O)[C@@H](O)[C@H]3O)C2=NC=N1;NC1=C2N=CN([C@@H]3O[C@H](COP(O)(O)=O)[C@@H](O)[C@H]3O)C2=NC=N1;NC1=C2N=CN([C@@H]3O[C@H](COP(O)(O)=O)[C@@H](O)[C@H]3O)C2=NC=N1;NC1=C2N=CN([C@@H]3O[C@H](COP(O)(O)=O)[C@@H](O)[C@H]3O)C2=NC=N1;NC1=C2N=CN([C@@H]3O[C@H](COP(O)(O)=O)[C@@H](O)[C@H]3O)C2=NC=N1;NC1=C2N=CN([C@@H]3O[C@H](COP(O)(O)=O)[C@@H](O)[C@H]3O)C2=NC=N1;NC1=C2N=CN([C@@H]3O[C@H](COP(O)(O)=O)[C@@H](O)[C@H]3O)C2=NC=N1;NC1=C2N=CN([C@@H]3O[C@H](COP(O)(O)=O)[C@@H](O)[C@H]3O)C2=NC=N1;NC1=C2N=CN([C@@H]3O[C@H](COP(O)(O)=O)[C@@H](O)[C@H]3O)C2=NC=N1;NC1=C2N=CN([C@@H]3O[C@H](COP(O)(O)=O)[C@@H](O)[C@H]3O)C2=NC=N1;NC1=C2N=CN([C@@H]3O[C@H](COP(O)(O)=O)[C@@H](O)[C@H]3O)C2=NC=N1;NC1=C2N=CN([C@@H]3O[C@H](COP(O)(O)=O)[C@@H](O)[C@H]3O)C2=NC=N1;NC1=NC2=C(N=CN2[C@H]2C[C@H](O)[C@@H](COP(O)(O)=O)O2)C(=O)N1;NC1=NC2=C(N=CN2[C@H]2C[C@H](O)[C@@H](COP(O)(O)=O)O2)C(=O)N1;NC1=NC2=C(N=CN2[C@H]2C[C@H](O)[C@@H](COP(O)(O)=O)O2)C(=O)N1;NC1=NC2=C(N=CN2[C@H]2C[C@H](O)[C@@H](COP(O)(O)=O)O2)C(=O)N1;NC1=NC2=C(N=CN2[C@H]2C[C@H](O)[C@@H](COP(O)(O)=O)O2)C(=O)N1;NC1=NC2=C(N=CN2[C@H]2C[C@H](O)[C@@H](COP(O)(O)=O)O2)C(=O)N1;NC1=NC2=C(N=CN2[C@H]2C[C@H](O)[C@@H](COP(O)(O)=O)O2)C(=O)N1;NC1=C2N=CN([C@@H]3O[C@H](CO)[C@@H](OP(O)(O)=O)[C@H]3O)C2=NC=N1;NC1=C2N=CN([C@@H]3O[C@H](CO)[C@@H](OP(O)(O)=O)[C@H]3O)C2=NC=N1;NC1=C2N=CN([C@@H]3O[C@H](COP(O)(O)=O)[C@@H](O)[C@H]3O)C2=NC=N1;NC1=C2N=CN([C@@H]3O[C@H](COP(O)(O)=O)[C@@H](O)[C@H]3O)C2=NC=N1;NC1=C2N=CN([C@@H]3O[C@H](COP(O)(O)=O)[C@@H](O)[C@H]3O)C2=NC=N1;NC1=C2N=CN([C@@H]3O[C@H](COP(O)(O)=O)[C@@H](O)[C@H]3O)C2=NC=N1;NC1=C2N=CN([C@@H]3O[C@H](COP(O)(O)=O)[C@@H](O)[C@H]3O)C2=NC=N1;NC1=C2N=CN([C@@H]3O[C@H](COP(O)(O)=O)[C@@H](O)[C@H]3O)C2=NC=N1;NC1=C2N=CN([C@@H]3O[C@H](COP(O)(O)=O)[C@@H](O)[C@H]3O)C2=NC=N1;NC1=C2N=CN([C@@H]3O[C@H](COP(O)(O)=O)[C@@H](O)[C@H]3O)C2=NC=N1;NC1=C2N=CN([C@@H]3O[C@H](COP(O)(O)=O)[C@@H](O)[C@H]3O)C2=NC=N1;NC1=C2N=CN([C@@H]3O[C@H](COP(O)(O)=O)[C@@H](O)[C@H]3O)C2=NC=N1;NC1=C2N=CN([C@@H]3O[C@H](COP(O)(O)=O)[C@@H](O)[C@H]3O)C2=NC=N1;NC1=NC2=C(N=CN2[C@H]2C[C@H](O)[C@@H](COP(O)(O)=O)O2)C(=O)N1;NC1=NC2=C(N=CN2[C@H]2C[C@H](O)[C@@H](COP(O)(O)=O)O2)C(=O)N1;NC1=NC2=C(N=CN2[C@H]2C[C@H](O)[C@@H](COP(O)(O)=O)O2)C(=O)N1;NC1=NC2=C(N=CN2[C@H]2C[C@H](O)[C@@H](COP(O)(O)=O)O2)C(=O)N1;NC1=NC2=C(N=CN2[C@H]2C[C@H](O)[C@@H](COP(O)(O)=O)O2)C(=O)N1;NC1=NC2=C(N=CN2[C@H]2C[C@H](O)[C@@H](COP(O)(O)=O)O2)C(=O)N1;NC1=NC2=C(N=CN2[C@H]2C[C@H](O)[C@@H](COP(O)(O)=O)O2)C(=O)N1;NC1=NC2=C(N=CN2[C@H]2C[C@H](O)[C@@H](COP(O)(O)=O)O2)C(=O)N1;NC1=C2N=CN([C@@H]3O[C@H](CO)[C@@H](OP(O)(O)=O)[C@H]3O)C2=NC=N1;NC1=C2N=CN([C@@H]3O[C@H](CO)[C@@H](OP(O)(O)=O)[C@H]3O)C2=NC=N1;NC1=C2N=CN([C@@H]3O[C@H](COP(O)(O)=O)[C@@H](O)[C@H]3O)C2=NC=N1;NC1=NC(=O)C2=C(N1)N(C=N2)[C@H]1C[C@H](O)[C@@H](COP(O)(O)=O)O1","[M+H]+;[M+H]+;[M+H]+;[M+H]+;[M+H]+;[M+H]+;[M+H]+;[M+H]+;[M+H]+;[M+H]+;[M+H]+;[M+H]+;[M+H]+;[M+H]+;[M+H]+;[M+H]+;[M+H]+;[M+H]+;[M+H]+;[M+H]+;[M+H]+;[M+H]+;[M+H]+;[M+H]+;[M+H]+;[M+H]+;[M+H]+;[M+H]+;[M+H]+;[M+H]+;[M+H]+;[M+H]+;[M+H]+;[M+H]+;[M+H]+;[M+H]+;[M+H]+;[M+H]+;[M+H]+;[M+H]+;[M+H]+;[M+H]+;[M+H]+;[M+H]+;[M+H]+;[M+H]+;[M+H]+;[M+H]+","0;0.117;0.117;0.117;0.117;0.117;0.117;0.117;0.117;0.117;0.117;-0.0580000000000001;-0.0580000000000001;-0.0580000000000001;-0.0580000000000001;-0.0580000000000001;-0.0580000000000001;-3.277;-3.277;-3.277;-3.277;-3.277;-3.277;0.366;0.154;0.154;0.117;-0.0580000000000001;1.141;1.141;1.141;1.141;0.656;0.656;0.226;0.226;0.226;-0.147;-0.147;-0.147;-0.147;-0.147;-0.147;-0.147;0.0229999999999999;1.591;1.591;-4.025;-2.015","C10H14N5O7P;C10H14N5O7P;C10H14N5O7P;C10H14N5O7P;C10H14N5O7P;C10H14N5O7P;C10H14N5O7P;C10H14N5O7P;C10H14N5O7P;C10H14N5O7P;C10H14N5O7P;C10H14N5O7P;C10H14N5O7P;C10H14N5O7P;C10H14N5O7P;C10H14N5O7P;C10H14N5O7P;C10H14N5O7P;C10H14N5O7P;C10H14N5O7P;C10H14N5O7P;C10H14N5O7P;C10H14N5O7P;C10H14N5O7P;C10H14N5O7P;C10H14N5O7P;C10H14N5O7P;C10H14N5O7P;C10H14N5O7P;C10H14N5O7P;C10H14N5O7P;C10H14N5O7P;C10H14N5O7P;C10H14N5O7P;C10H14N5O7P;C10H14N5O7P;C10H14N5O7P;C10H14N5O7P;C10H14N5O7P;C10H14N5O7P;C10H14N5O7P;C10H14N5O7P;C10H14N5O7P;C10H14N5O7P;C10H14N5O7P;C10H14N5O7P;C10H14N5O7P;C10H14N5O7P","-0.201913032645041;-0.201913032645041;-0.201913032645041;-0.201913032645041;-0.201913032645041;-0.201913032645041;-0.201913032645041;-0.201913032645041;-0.201913032645041;-0.201913032645041;-0.201913032645041;-0.201913032645041;-0.201913032645041;-0.201913032645041;-0.201913032645041;-0.201913032645041;-0.201913032645041;-0.201913032645041;-0.201913032645041;-0.201913032645041;-0.201913032645041;-0.201913032645041;-0.201913032645041;-0.201913032645041;-0.201913032645041;-0.201913032645041;-0.201913032645041;-0.201913032645041;-0.201913032645041;-0.201913032645041;-0.201913032645041;-0.201913032645041;-0.201913032645041;-0.201913032645041;-0.201913032645041;-0.201913032645041;-0.201913032645041;-0.201913032645041;-0.201913032645041;-0.201913032645041;-0.201913032645041;-0.201913032645041;-0.201913032645041;-0.201913032645041;-0.201913032645041;-0.201913032645041;-0.201913032645041;-0.201913032645041","HMDB;HMDB;HMDB;HMDB;HMDB;HMDB;HMDB;HMDB;HMDB;HMDB;HMDB;HMDB;HMDB;HMDB;HMDB;HMDB;HMDB;HMDB;HMDB;HMDB;HMDB;HMDB;HMDB;HMDB;HMDB;HMDB;HMDB;HMDB;HMDB;HMDB;HMDB;HMDB;HMDB;HMDB;HMDB;HMDB;HMDB;HMDB;HMDB;HMDB;HMDB;HMDB;HMDB;HMDB;HMDB;HMDB;STD;STD"
352.041453952001,0.78742,47758.69921875,40664.91796875,93917.546875,507872,406554.625,561547.375,6,"4627;4628;4629;4630;4631;9012;19485;19486;19487;19488;19489;19490;19491;19492;19493;19494;32022",263.280994689542,0.00516526063068534,352.041982014974,"CN1C(C(=O)NC2=NC=C(C)S2)=C(O)C2=C(C=CC=C2)S1(=O)=O;CN1C(C(=O)NC2=NC=C(C)S2)=C(O)C2=C(C=CC=C2)S1(=O)=O;CN1C(C(=O)NC2=NC=C(C)S2)=C(O)C2=C(C=CC=C2)S1(=O)=O;CN1C(C(=O)NC2=NC=C(C)S2)=C(O)C2=C(C=CC=C2)S1(=O)=O;CN1C(C(=O)NC2=NC=C(C)S2)=C(O)C2=C(C=CC=C2)S1(=O)=O;CN1C(C(=O)NC2=NC=C(C)S2)=C(O)C2=C(C=CC=C2)S1(=O)=O;CN1C(C(=O)NC2=NC=C(C)S2)=C(O)C2=C(C=CC=C2)S1(=O)=O;CN1C(C(=O)NC2=NC=C(C)S2)=C(O)C2=C(C=CC=C2)S1(=O)=O;CN1C(C(=O)NC2=NC=C(C)S2)=C(O)C2=C(C=CC=C2)S1(=O)=O;CN1C(C(=O)NC2=NC=C(C)S2)=C(O)C2=C(C=CC=C2)S1(=O)=O;CN1C(C(=O)NC2=NC=C(C)S2)=C(O)C2=C(C=CC=C2)S1(=O)=O;CN1C(C(=O)NC2=NC=C(C)S2)=C(O)C2=C(C=CC=C2)S1(=O)=O;CN1C(C(=O)NC2=NC=C(C)S2)=C(O)C2=C(C=CC=C2)S1(=O)=O;CN1C(C(=O)NC2=NC=C(C)S2)=C(O)C2=C(C=CC=C2)S1(=O)=O;CN1C(C(=O)NC2=NC=C(C)S2)=C(O)C2=C(C=CC=C2)S1(=O)=O;CN1C(C(=O)NC2=NC=C(C)S2)=C(O)C2=C(C=CC=C2)S1(=O)=O;CN1C(C(=O)NC2=NC=C(C)S2)=C(O)C2=C(C=CC=C2)S1(=O)=O","[M+H]+;[M+H]+;[M+H]+;[M+H]+;[M+H]+;[M+H]+;[M+H]+;[M+H]+;[M+H]+;[M+H]+;[M+H]+;[M+H]+;[M+H]+;[M+H]+;[M+H]+;[M+H]+;[M+H]+","0;0.642;0.642;0.642;0.642;0.642;0.642;0.551;0.551;0.551;0.551;0.551;0.551;0.551;3.26;3.26;3.26;0.593","C14H13N3O4S2;C14H13N3O4S2;C14H13N3O4S2;C14H13N3O4S2;C14H13N3O4S2;C14H13N3O4S2;C14H13N3O4S2;C14H13N3O4S2;C14H13N3O4S2;C14H13N3O4S2;C14H13N3O4S2;C14H13N3O4S2;C14H13N3O4S2;C14H13N3O4S2;C14H13N3O4S2;C14H13N3O4S2;C14H13N3O4S2","-1.64284061334379;-1.64284061334379;-1.64284061334379;-1.64284061334379;-1.64284061334379;-1.64284061334379;-1.64284061334379;-1.64284061334379;-1.64284061334379;-1.64284061334379;-1.64284061334379;-1.64284061334379;-1.64284061334379;-1.64284061334379;-1.64284061334379;-1.64284061334379;-1.64284061608874","HMDB;HMDB;HMDB;HMDB;HMDB;HMDB;HMDB;HMDB;HMDB;HMDB;HMDB;HMDB;HMDB;HMDB;HMDB;HMDB;STD"
364.065280317276,0.84282,1445.30261230469,2192.25708007812,2839.8544921875,10897.8203125,14107.990234375,19016.83984375,6,"2228;2229;2230;13744;13745;13746;32245",263.280994689542,0.00516526063068534,364.065826416016,"NC1=NC2=C(N=CN2[C@@H]2O[C@H](COP(O)(O)=O)[C@@H](O)[C@H]2O)C(=O)N1;NC1=NC2=C(N=CN2[C@@H]2O[C@H](COP(O)(O)=O)[C@@H](O)[C@H]2O)C(=O)N1;NC1=NC2=C(N=CN2[C@@H]2O[C@H](COP(O)(O)=O)[C@@H](O)[C@H]2O)C(=O)N1;NC1=NC2=C(N=CN2[C@@H]2O[C@H](COP(O)(O)=O)[C@@H](O)[C@H]2O)C(=O)N1;NC1=NC2=C(N=CN2[C@@H]2O[C@H](COP(O)(O)=O)[C@@H](O)[C@H]2O)C(=O)N1;NC1=NC2=C(N=CN2[C@@H]2O[C@H](COP(O)(O)=O)[C@@H](O)[C@H]2O)C(=O)N1;NC1=NC2=C(N=CN2[C@@H]2O[C@H](COP(O)(O)=O)[C@@H](O)[C@H]2O)C(=O)N1","[M+H]+;[M+H]+;[M+H]+;[M+H]+;[M+H]+;[M+H]+;[M+H]+","0;-1.191;-1.191;-5.903;1.61;1.61;1.61;-3.93","C10H14N5O8P;C10H14N5O8P;C10H14N5O8P;C10H14N5O8P;C10H14N5O8P;C10H14N5O8P;C10H14N5O8P","-0.0101155594571072;-0.0101155594571072;-0.0101155594571072;-0.0101155594571072;-0.0101155594571072;-0.0101155594571072;-0.0101155594571072","HMDB;HMDB;HMDB;HMDB;HMDB;HMDB;STD"
